unit_id,-500.0,-490.0,-480.0,-470.0,-460.0,-450.0,-440.0,-430.0,-420.0,-410.0,-400.0,-390.0,-380.0,-370.0,-360.0,-350.0,-340.0,-330.0,-320.0,-310.0,-300.0,-290.0,-280.0,-270.0,-260.0,-250.0,-240.0,-230.0,-220.0,-210.0,-200.0,-190.0,-180.0,-170.0,-160.0,-150.0,-140.0,-130.0,-120.0,-110.0,-100.0,-90.0,-80.0,-70.0,-60.0,-50.0,-40.0,-30.0,-20.0,-10.0,0.0,10.0,20.0,30.0,40.0,50.0,60.0,70.0,80.0,90.0,100.0,110.0,120.0,130.0,140.0,150.0,160.0,170.0,180.0,190.0,200.0,210.0,220.0,230.0,240.0,250.0,260.0,270.0,280.0,290.0,300.0,310.0,320.0,330.0,340.0,350.0,360.0,370.0,380.0,390.0,400.0,410.0,420.0,430.0,440.0,450.0,460.0,470.0,480.0,490.0,500.0,510.0,520.0,530.0,540.0,550.0,560.0,570.0,580.0,590.0,600.0,610.0,620.0,630.0,640.0,650.0,660.0,670.0,680.0,690.0,700.0,710.0,720.0,730.0,740.0,750.0,760.0,770.0,780.0,790.0,800.0,810.0,820.0,830.0,840.0,850.0,860.0,870.0,880.0,890.0,900.0,910.0,920.0,930.0,940.0,950.0,960.0,970.0,980.0,990.0,1000.0,1010.0,1020.0,1030.0,1040.0,1050.0,1060.0,1070.0,1080.0,1090.0,1100.0,1110.0,1120.0,1130.0,1140.0,1150.0,1160.0,1170.0,1180.0,1190.0,1200.0,1210.0,1220.0,1230.0,1240.0,1250.0,1260.0,1270.0,1280.0,1290.0,1300.0,1310.0,1320.0,1330.0,1340.0,1350.0,1360.0,1370.0,1380.0,1390.0,1400.0,1410.0,1420.0,1430.0,1440.0,1450.0,1460.0,1470.0,1480.0,1490.0
1025,-0.17224588072318603,0.12096599125330915,0.18911006332493666,-0.04545328076960249,0.765194372649139,0.46288734718299357,0.0739009302688553,-0.26389223596141376,-0.4762393043146843,-0.5756448528752505,-0.610820011591125,-0.09463657839416531,0.3673015787582494,0.16012143518364846,0.3925408589283694,0.3459164356907476,-0.2404119775407651,-0.2327038615145834,-0.38660082599764295,0.5627904769014923,0.37250420505790766,0.5688017449793215,0.7176358409373401,1.0933087908652186,0.6093955895074598,0.37203329624525144,-0.30095484666930244,-0.29629636774146717,0.36537949214180027,0.7186311744853726,0.64556472067915,0.9998418066949963,1.3076939834653023,1.533494091762948,1.1381928064490818,0.9951308291536719,1.19085266770023,1.4167294572433833,0.8029144304190309,0.4678893463448356,0.26287479949540504,0.1796233320525492,0.42438531254154493,0.13226653704901478,-0.4321556653420155,-0.37074893758398164,0.32460153891002663,0.9624799568672057,0.87056100578734,0.6316564678686178,0.6659117103770705,0.7553841544060177,0.5877324609077971,1.2078236754830791,0.985670052213573,0.43032281502903286,0.9946014016275435,1.077064435277745,0.564951194834016,0.3243472012972704,-0.07240485367247892,-0.08209235905143183,0.5180211760897548,1.0648372790011498,0.912678277029455,1.4335384391438926,0.8394070311837948,1.55887322864718,1.483631240515793,1.3284052859702924,1.4263321780331804,1.0159093443235814,1.4408116035448986,2.1438885852405427,1.6614430919469205,1.3510151948412115,0.8540810511211465,0.7680161072623777,0.540015595950333,0.6388298983576929,0.761826468638664,0.8606412056307733,1.1820742382007137,1.1776462137972876,1.639880846275377,1.5064634682839428,1.5749563866632939,1.1091450562902023,0.6965287763386292,1.4639455420121839,0.9247618829751205,0.8639772072502295,1.6394386654204478,1.312990965783507,1.4270417082731308,1.5341639594590308,0.8407086501300354,0.9996933841109004,1.7773533165291182,0.899858074525161,0.5057529351522867,0.256684597912494,-0.10207947594658293,0.17899512796968886,1.281097235495537,1.9545875304327442,2.0757050163949726,2.000543701955598,1.6200404722724664,1.8327599550766966,2.0999370673023066,2.3208671290059772,2.1898958593221414,1.7540561242026191,1.1199640563831048,0.6485474070860369,1.4206025589996052,1.427628894102301,1.0565853284373121,0.6726730030993324,0.6588013732369653,1.2698870756565874,1.5717364996901533,1.9887623260778018,1.474748610397941,0.4092021762566591,0.3312425918467259,-0.04294828104445464,-0.29609493008666893,-0.7250240999371111,-0.7894543835288316,0.29040619960517405,0.22520908898762965,-0.01944830073771836,-0.292650836666811,-0.2204032165537915,-0.3450284466925473,0.07406610779078593,0.19175013583391604,0.4897518524195212,1.2342129312460202,1.3090431661118103,1.2344893413298892,0.8528689488755699,1.0567521199367058,0.5272269842936632,0.31095172309986535,-0.06768321011642664,0.713724536668962,1.4807009569032785,1.5135607431228877,1.0964385045154315,0.9405997139596154,0.3604076955267518,0.6991364833534559,0.3165381905458311,0.735302769435253,1.6708661765861779,1.6543110531586205,2.244345396396435,1.6610533610347262,1.3169342006509168,1.616547422940591,1.7150763862447793,1.5094788362617977,1.2853677155129062,1.3759227532601814,0.9852980966634544,2.2167213599249433,2.047524114377759,1.7058784928824786,1.6233526110425378,1.8846394103198687,0.8480408650841776,0.9430859943865282,1.1833691465429275,1.1763274862151518,0.8590460250882792,1.081376701644694,1.0699533594191337,1.8333062442001644,1.443816199072299,0.9659781775869316,1.6196451407153902,1.2551435563901998,0.5927013996902205,0.28941482576874955,0.15287401764261183,0.391661723824862,0.6384969519447916,0.2869004340077582,0.7034993162757639,1.118065465175849,1.4376811244441472,0.8370544696109647,0.48824016302771867,0.5336651158306902,-0.11182823313142387,0.3832239335414364,0.9192770858465339
956,0.47870300712905806,0.5445196459492075,0.06166866278088573,0.6530796452947094,0.2215185922503864,0.544844123905702,0.3508219614118676,0.40500575706374353,0.47112183519030093,0.012607660274277066,-0.14663027058911784,-0.4718496364912131,-0.7042379017293672,-0.5864849531756962,-0.6881955631347665,-0.5302006764500502,-0.3844513605096907,-0.5376931206347236,-0.9648127425525364,-1.064887947150479,-1.0684244280918442,-0.7694320246501088,-0.5030526894595908,0.1920841503074907,-0.29417649301158877,0.4371352649891893,0.35473146261656757,-0.06727580764549934,0.3129691231729909,0.7244096133558285,0.5351936363350959,0.2737326563008674,0.3061402006323367,0.6551135264904993,0.46070638583764406,0.22388783798001258,0.7996551817408362,0.32705234346437667,0.34601650577380266,0.1489606725121574,-0.2602162547619328,-0.8431176266541425,-0.2445380653141348,-0.37039800882838875,-0.03690124038434073,-0.022243002042365234,0.19541398442186542,0.8890570614678164,0.689257473791342,0.12475964622767968,1.1739007089192293,0.662048955168821,0.06991317239541173,-0.17179140596141207,-0.7734909639269237,-1.2194325126077241,-0.20758974122383456,0.5282892519939151,1.7990486450577952,1.1744304086447999,1.9134016749112714,2.0970874173960667,2.1858741296725,1.9412790311851602,1.6953708356288038,1.262324194517963,2.2348676301378694,1.8880986840383795,1.95256835959205,1.2304355693647997,0.6025618718513677,0.6960200953983957,0.6689560268251862,0.40185718158194356,0.4125732127840419,0.7207633313839068,0.7494835055195617,0.46250085316514145,0.9592580397900918,1.1876683503549494,2.1007439339547203,2.0615800790385057,1.3374926468369739,1.1752653505760762,0.6503466040322308,-0.24997152562420547,-0.6895058415682008,0.1320449101384335,0.2036092222770935,0.14193177232120294,0.7907141511707747,0.33358253250234104,0.6091919232761283,0.6375098600464947,0.9014369069706712,0.3414204774550586,-0.4612993979228362,0.4651077839532828,0.938889757547813,1.2445512906810623,0.8507326968415914,0.6754196193333458,0.8422869433252362,0.535820695910892,0.5063535263193092,0.5164908288875945,0.2871914720684496,0.0859719809302981,-0.05538684151978008,-0.13309967142627066,0.09240814085506908,0.05103774260144439,-0.2818273373012151,-0.5836039322475244,-0.5308788504523654,-0.4102145045143477,-0.2968137879339908,0.5495624571397886,1.0074065791152684,0.22578092138405492,0.9625814413748288,0.6915790363363907,1.1591323912441704,0.801451708269139,0.6734548119649838,0.08196967825159107,0.12217149016605156,0.010867304427780555,-0.5811745117912993,-1.0926175325397867,-0.9243053770534368,0.6400346758457178,1.7599284083976812,1.9420924918513756,1.0363388811263787,0.40892437621228667,0.28462352043512873,0.09329284033077102,0.23694421677253366,0.12866099990560143,0.2685122855347038,0.4012444278998861,-0.016391288731561093,0.10252126476344697,-0.24603908642344519,-0.5478143539934115,-0.5025877988005145,-0.9118745814007494,-1.005815421573172,-0.5080835077773693,-0.8084105498974814,-0.6377315048743483,0.3071565700405116,1.1300898201515666,0.9122310720009605,0.5213681844466126,0.429707315046839,-0.07300851123933652,0.04915118573255228,0.7610645265904853,0.614068502294518,0.3506145801149757,0.09777538691546817,0.45077078387264335,1.3471376607373617,1.314068542199698,1.1036496964230074,0.6107162433736959,0.22296349859705694,-0.2691774933573103,0.16739409512726428,-0.12302444287873887,-0.6927552467446323,-0.6605697503252509,-0.5197429246061749,-0.36381328794294443,0.001791068423504405,0.28172604880520263,0.1983608747881872,-0.19971460123142218,-0.2901658298429064,-0.03253212612859184,-0.2808348128137344,-0.5423420619437016,-0.23392922730724872,-0.1610657694721872,-0.13198480321566566,-0.14029868838246445,0.6167081102664234,0.25350648620201816,0.84000932874543,0.08233289337449268,-0.4041267276648269,0.045626312574824024,0.05330404374421238,0.012029854937933682,-0.062151956468528516,0.13251156704754963,0.5839623425447973,-0.0795766160410541
1024,1.062045919621375,1.1072932556108441,0.8137962580148457,1.1747077195771372,0.9114613458493019,0.6352956991857281,0.09917976492721803,0.3184955252760413,-0.008283119294537067,-0.3063382897006426,-0.5327038804639455,-0.9828267080509532,-0.3759641569820917,-0.3844483495324551,-0.4754126554193905,0.03643433002860347,0.18699970695476895,0.24399447044063766,-0.07600445657317989,-0.06100424341658073,0.01004722427501438,-0.22365323633110154,0.5022383861243375,0.5435311806240349,0.7841514982882074,0.6317134128990718,0.13896187135600188,0.039862952258705106,0.049303825485351366,0.10437132611524937,0.15269516535183786,-0.45267387385410396,-0.6843249425316738,-0.7859391331222626,-0.7988539165108524,-0.7817117250680216,-0.7667332241536717,-0.7598788738555112,-0.7577536646245101,-0.7572750467265278,-0.44157596086593326,0.1525272909773153,0.30686107213938263,-0.3089603179556102,0.03455131102307424,0.1257732580507859,-0.12433411680517878,-0.6975716928054315,-0.5410797754940002,0.660136228200438,0.781716585717993,0.6671299091055184,1.0991167298029212,1.1847321734249388,0.8931443682368051,0.5983276257946254,0.6972325983261682,0.22536612168086273,0.12547337118830676,0.4232094087483952,0.4113533127626779,1.301146179839492,0.8037231323004362,0.8429177951050232,0.5994375328282139,0.7277732067467266,0.5722346058825196,0.42257370149006535,0.6221710779845456,1.1472289402837106,0.9545761180617941,0.6805922323748073,0.1244126703555885,0.3281654421624482,0.3100197936950408,0.6039426659011827,0.847025454532928,0.6906718350955076,0.8115169674935546,1.564962663524253,1.275797051066717,1.201468608275659,2.0868528269666546,1.6399406208235408,1.736211182365654,1.5280531784755087,1.3555123034055194,0.9258199550206605,0.270106108712463,0.7201335049173727,0.6213039313748376,0.8064102590828249,0.95240500714928,1.0495604361467217,0.47281263886268954,0.25608582923302925,-0.47060493783783575,-0.4074950295967889,0.09979927440843749,0.8869045874602087,0.5364007246701838,0.05456030285053426,0.9090504626085503,1.1468439226882499,0.29912045470571913,-0.5466016842041623,-0.5334603248604671,-0.315736806502122,0.24053133112720257,-0.2686710619858862,-0.5232442044582,-0.6910773523423855,0.5047432608615152,0.34598287651100157,0.6336269783767247,1.1544436685130908,1.2627462568359433,1.58115658318669,1.1836079086950764,0.7747277098707154,0.15458788515377164,0.33565590795141365,1.2582860265320517,2.0708709447592284,1.9782964106997332,1.0652868910214561,0.8660558562561294,0.5537864427033257,0.06046577971518566,0.6306729266221837,0.9076240295241256,0.4463492664738505,0.5853153128613313,1.0845661059554064,1.5358969876635533,1.5270705176854626,1.407167274875251,1.2788090109060974,0.8801491401126653,0.5636031063084614,0.043628827224118205,0.2904470532594243,0.6126489084533683,0.24786621513568233,0.16513877120089315,-0.1839130933403878,0.17938463489621354,0.25275234085601433,-0.3603149743559732,0.9540787144862233,0.9511548304032537,0.44710120134880904,0.555997816855266,0.42247715379113737,0.6447992752481778,-0.08859779723660699,-0.1425203215308944,-0.3934968705920795,-0.24621140518862933,-0.38629288724050426,0.4177860767877225,0.8238523373881348,1.0510264147719819,1.13569628456327,0.5193455357391479,1.536257805926308,1.2796682828221118,1.5474424259382833,0.8185110413857316,1.4040714770955876,1.7246593055526673,1.0037690257167164,1.2222501266312724,1.5150959944406992,1.4695726735799752,0.7374160276036237,0.39004420433434644,0.5296693610098688,-0.18646958994446783,0.12112049929920565,0.8122412402810182,1.7220959182046316,1.4403704618127962,0.9892340717091128,0.5920292503758235,1.2965642148494418,1.0763075667329742,0.7779436402625517,0.18575234353517867,0.3572218807252047,0.00478685180773003,0.012654980646180536,-0.2535034873944146,-0.475710660609614,-0.31058922110229487,-0.11323731024039553,0.3591911654616943,0.7286300679735743,1.590917053061373,0.6857108706911333
1039,-0.41555489455567873,-0.47643138078257696,-0.4982966493380805,0.1618178557968545,0.08232057046231328,-0.10171204107294782,-0.2894589092290799,-0.41555489455567873,-0.47643138078257696,-0.4982966493380805,-0.5042388780996048,0.16058429974953517,0.08209713332002821,-0.10171204107294782,-0.2894589092290799,0.25050183934078063,0.11136162382666048,-0.09431281912181907,-0.28800191603947545,0.25072527648306564,1.443475091619579,1.0812731900966561,0.5199657443930473,0.017142466706865034,0.3699073065809434,0.8140820701808809,1.1683931345246108,0.7054553491179127,0.20511277200528213,-0.17005344198891711,-0.3788911820979177,-0.46757516564184376,-0.496616219006191,-0.5040154409573198,-0.5054724341469241,-0.5056958712892092,-0.5056958712892092,0.1603608626072501,0.08209713332002821,-0.10171204107294782,0.37659782466737945,0.8382948439500181,0.5153454540429219,0.12192414293831025,-0.19786093930594498,0.2799897669896979,0.11876084577778923,-0.09285582593221467,-0.28777847889719044,-0.4153314574133936,-0.47643138078257696,-0.4982966493380805,-0.5042388780996048,-0.5054724341469241,0.1603608626072501,0.08209713332002821,0.5643446928235115,0.29833409538015754,-0.01157106433941732,0.4058623151740117,0.17963733200468746,0.5950661765197482,0.30595675447357135,1.3219993966431056,1.581671761534772,0.9876049924372102,0.36148336674354753,0.5645024372278542,0.23222408425642765,0.6086310643746863,0.3086473037104951,0.6563895370312166,0.32782202302907487,1.9939983593010893,2.1706983221913285,2.7239257275886755,1.7533063380221519,0.7965543404974482,0.7722262281705405,0.3140646802893928,1.3007006092531772,0.9030528485081124,0.39555018939833797,-0.04351058237774813,0.34804203802543987,0.8081398414193565,1.1671595784772915,1.3712886458720872,0.7929057766145196,0.23393038822734427,1.1694592477551304,0.7981518203101619,0.340615931932964,-0.06414229488593232,-0.32373348749025876,-0.4469434531336596,0.1751593065095076,1.4171245874921556,1.0743208424300974,1.8506222189963615,2.524618506575974,2.3534609762319416,2.0545236547336625,2.4472057460083896,1.532059288207476,1.3484807610335248,0.651688954961916,2.116764687205031,2.2078089089336594,2.066725208832949,1.833250497641263,0.9805869520327093,0.9599730963266726,1.106217399512451,1.9493701000893133,1.3289019472798773,0.6177293802199917,0.713920684299561,0.2992662363871353,-0.034326844918950106,-0.27298003499493295,0.25363926286227445,0.77786523200769,1.1595369193838776,0.7037749187860234,0.20488933486299707,-0.17005344198891711,-0.3788911820979177,0.19848156825461552,0.7572335194995057,0.48776139386817907,0.11474835812946657,-0.19931793249554938,0.2797663298474129,0.11876084577778923,0.5732009079642447,0.9660712596085064,1.2425021113085646,0.7315824161030512,0.8781218535683001,1.085253289706384,0.6131090898698661,0.8187023605310063,0.3975547243967063,0.01937385649910442,-0.2525717596290338,-0.40669867941494553,0.19130578344577184,0.08971979241344202,0.565801686013116,0.9646142664189019,0.5762219402698201,0.14378941149381377,-0.19191871054442064,-0.384833410859442,0.19724801220729618,0.09095334846076136,-0.10003161074105835,-0.2892354720867948,-0.41555489455567873,0.18962535311388237,0.08949635527115696,0.565801686013116,0.2985575325224426,0.654485669557042,0.9936553197832492,0.5836211622209488,0.8113031385798776,1.062154465103561,0.6069434239660567,0.15141207058722758,0.47559501654164316,0.8692397647885397,0.5229681131363357,0.12338113612791465,0.4684192317327994,0.20172603770247605,0.6010084052812725,0.97324704441735,0.5779023706017096,0.8100695825325581,0.3958742940648168,0.019150419356819354,-0.2525717596290338,-0.40669867941494553,-0.4747509504506875,-0.49807321219579537,-0.5042388780996048,0.16058429974953517,0.08209713332002821,0.5643446928235115,0.29833409538015754,0.654485669557042,0.3275985858867898,-0.004171842388288577,-0.2587374255328432,-0.40793223546226487,-0.4749743875929725,-0.49807321219579537,-0.5042388780996048
1296,-0.23733466273510778,-0.44445042389380496,-0.7205040044833022,-0.9512296640394176,-0.7629815259041584,-0.3738044993407418,-0.5413124331801609,-0.6102839573768957,-0.341594308785934,-0.5661274023183878,-0.3139159503986039,-0.5585491644261011,-0.6427703671586739,-0.6877325625629693,-0.6990927902771606,-0.5328617538106026,-0.546940424770836,-0.9145602189314292,-0.7586039188947835,-0.39318140127044926,-0.2367305362650463,-0.1725552574034435,-0.16810889581287286,-0.8320916093720988,-0.928522156245001,-1.0595704047831742,-0.9569905195514011,-0.5166649999328,-0.14628058468242466,-0.06660849111292676,-0.24835505948603248,-0.11500926976298605,-0.2888124285820806,-0.28683592573988326,0.3873308118754486,1.3151662701810687,1.0418144665024691,0.9253119985219189,0.33027072421681747,0.34189879327075745,-0.1788305155040567,0.041435400036399006,-0.007570821641348702,0.09759692825984567,0.020739758896947402,0.25951164967033663,-0.4970528605775888,-0.06146927819152348,0.27712727146986393,-0.5931817776932724,-0.47038785826401425,-0.7260028868206214,0.059526060491651656,0.3031086028379449,0.3884136435910565,0.536179990148778,0.3148966586128171,0.09960896287206888,0.10642267077944903,0.1629238041432195,-0.4267437349594176,-0.4727989200393941,-0.2553516452176422,0.14213196132928246,0.1310831806458413,-0.4547797104773786,-0.5056741754486332,0.04457491526688803,-0.3974665718451108,-0.7197331469181206,-0.8056644924792397,-0.6362251161787309,-1.2609781704618033,-1.6791752752586506,-1.956592817843392,-1.9303152804111474,-1.835035813169028,-0.4464467324998549,-0.2226762054437047,-0.2726010853791933,-0.9229092000595172,-0.5164222139087259,-1.0016808336943273,-1.457857461195294,-1.8070342611528343,-1.8522839867058523,-1.4783251469445047,-1.288318151204863,-0.8652444747216129,-0.7136300053078333,-0.011103947871778819,0.07615807479197362,-0.2971686600033461,-0.8404865039402719,0.04587925675678295,-0.6753029246769815,-0.29413829548456616,-0.3817778470366934,-0.48540276885563266,-0.9027324433512828,-0.11292421470067077,-0.4753636255658963,0.06890693355706412,0.23643182153274356,-0.17727758411348876,-0.5962792003052223,-0.5785563678979184,-0.4612873279902906,-0.49823615877828664,-1.0475093469949366,-0.7252507224496608,-0.5058175257854539,-0.9837532571134987,-0.9770547842969257,-0.7442392701321023,-0.6706577438224035,-0.48172999134188943,-0.6721122420304448,-0.3892014735309478,-0.43931848927447176,0.294850804889505,0.28488382359282965,0.1516098184884626,-0.3302564327879157,-0.7280877195462523,-0.8177304963383198,-0.3118636121346588,-0.48280869626084977,-0.8863623489350003,-0.4345870929799348,-0.9302813299285368,-0.9280156881304222,-0.8701022284055421,-0.6314733405478167,-0.7542505478890006,-0.7484044300785518,-0.5743638746310042,-1.0628961339275547,-0.8710968800270256,-0.4663386688066429,0.21190683607199662,0.7291902985121699,0.22748038549774913,-0.17824012365902298,-0.3083056492424867,-0.3128352225953045,-0.42992205975838754,-0.3709485778623409,-0.30581809495980816,0.23524678618750436,0.21058920348488105,0.0911872190119761,0.2843720407299438,-0.1701562056131062,0.22201665742061277,0.7974931090364918,0.6121127979682348,0.3259267261439058,0.06900448865973545,-0.7417259092112318,-0.5757822824789045,-0.2778670001051664,0.16030169606428563,-0.00953355650022486,-0.2602810789359814,-0.6376437591938096,-0.4219854305604239,-0.14730577391081862,-0.5741866876635936,-0.2036883392620883,-0.14801931055313036,-0.4589384575951323,-0.7623320326359614,-0.006726945470188372,-0.07972691407594701,-0.2562406803443482,-0.44905230684066133,-0.5850781736855224,-0.978449979028774,-1.290579525226879,-1.3321407228629023,-0.8076233475104055,-0.6479266613171067,-0.6005260685232183,-0.45834331524183913,-0.18524602236856808,0.19877263473966744,0.15994475273547948,-0.4442080885251747,-0.340093503354121,-0.13661569244893523,-0.2604578890352901,0.5616139925270031,0.8010362254701165,0.7165688494160667,0.8812572216888128,1.1930112635850003,0.3157937602251652,0.13253538972705703,0.4277611789549784
961,0.15780654634998148,0.7921320810751826,0.5033709653609739,0.39383163327407533,0.07847746414101359,0.06263024519736354,-0.11410588492556833,-0.2509254460375827,-0.5733233428876763,-0.5989625824851306,-0.5590783316926932,-0.9601532927041522,-0.6363587174971757,-0.058824238283490586,0.18950800616936253,0.06050928996604854,-0.1327037283352553,-0.2896553987217706,-0.14941174721374018,-0.4422489771150482,0.19608488404666974,-0.11771391372645001,-0.03084438150438973,0.7495238591466057,0.29795308836437706,-0.00619622188535468,0.21326906201498283,0.26035662847426,0.06017657171189251,0.7723283112842043,0.9702800216341214,0.35022371980800093,0.41463952350020594,0.11021813355029397,0.5616998472690766,0.5517279242526766,0.47523013704510564,0.6092441829842326,0.5125491398125203,0.4138163556706423,0.793703688921408,0.6928744829880076,0.773716489551059,0.8389852995331062,1.117910316758603,0.6654202006847552,0.6719149858435473,0.2820407295482109,0.6520073709385081,0.359846700922536,0.5138651333313774,0.6752795720489168,0.3488062757804987,0.7129188823433772,0.3932381352270029,0.297874184793023,0.9346449496940489,0.6146558583545236,0.001080141601404766,0.16075356711342653,0.4272955068387575,0.4481093932500792,0.1769322817138776,-0.3183464436808344,-0.24986580116705642,-0.08322283746866627,0.7669242540063305,1.0203235646241182,0.8528358827230895,-0.07327814740242994,0.5038899639812445,0.9651707165676844,0.872159865516561,1.1263305763307567,0.4153896194537402,0.21537169009763207,0.15435120873460265,0.4056538235266259,1.3337318010197285,1.4175830514292413,1.0843982078424803,1.4096289325809914,1.0709713901239744,0.5183803677694219,0.9852260513104404,0.36401341818892763,0.6839315915309819,0.3541871683390025,1.4126308402033563,1.0136626910925353,0.9526008090986691,0.44835985936100853,0.4976004080409006,0.18333830857811634,0.1529613731448834,-0.057230159342020276,0.46187658829711664,0.4991649962066549,0.6812871348658857,0.3457191429534037,0.2454289437419302,0.21010744037023973,0.6760207274249805,0.18335474229485466,1.2675638647364935,1.3645594991241279,1.065917568819421,0.9542530468741592,0.6731505534546623,0.2442373071993456,-0.3062503740835372,-0.24967412158690522,-0.08380260790347663,-0.3774427512282779,-0.2182343794761549,-0.2718455874856166,-0.5566109474172981,-0.5773644401540327,-0.08811434997183454,-0.32199895554966274,-0.3840561650244769,-0.20186945136589493,0.21390722712812826,0.5580822106962824,0.31983038585825396,0.2535447003621681,-0.008699378411129027,0.25008520447988025,1.2170933924841123,0.6646969243707384,0.9073906474575198,0.7010479257663079,0.28860134993056025,0.6417191939671203,0.8034352448163987,-0.0070201919218937925,0.14092236539724945,0.8561660280195298,1.0563463392195132,2.0155268217915903,1.1750602267350274,1.4039117473834137,0.7902030647810824,0.9533951458930945,0.5086916046786476,0.344706207202398,-0.1940439338029119,-0.8486018267225786,1.1922499451611652,1.5312250238153922,1.511744825290643,0.8499549413518012,0.48067557041730724,0.5242076173747077,0.44446513539120686,0.3813063321145922,0.32500781959108904,0.05730142699694049,-0.16400377802235966,0.6053230203404785,0.42152367220739234,0.36636624564089326,0.5289908427453287,0.46507011848261726,-0.2944029626894586,-0.04857794889107303,-0.1562764986435699,-0.4767439545973935,-0.5305019713462784,-0.06654657812168036,-0.31441052801031666,0.30444329561625605,0.6331707785208767,0.6034548576514009,0.48897674429483184,0.14630082871753936,0.5592388747360432,0.3075907383198587,0.261860379178788,0.4654117579823651,0.20790215155568995,0.8670276852871889,1.479403807136362,1.234335982710669,1.1038948675284361,0.7672243300369026,0.2881061420148543,0.1668354386530631,0.38716954790072694,0.6253685697511503,0.340821968967676,0.48752471661071534,0.6518727674749596,0.5640700606157554,0.22292294754512798,0.8398867489656088,0.9920048958587437,1.0421126937144565,0.33505641759246024,0.37857110433618624
982,-0.8080711696882608,-0.51909494559306,-0.6717968261907008,-0.6138290358153814,-0.5563021178936179,0.40892243285318686,1.020686377434553,0.24401469669603254,1.00195904135023,0.6279767803545744,0.227163183594505,0.3564963683223151,0.09672459242198726,0.33118188952467975,0.5714822360268121,0.06533983191909734,0.25115877175620127,0.258320738282651,0.03664092249215868,0.7468365365457518,0.9478513941917133,1.016704678448173,0.5427822437874131,0.33127901112890995,0.0016184363903062604,0.008214500326175017,0.3099865396584619,0.3578619927410194,0.11353580915455816,-0.13093750367384407,0.3823158842139592,0.6667888869070394,0.8435179602126559,0.22786605234760796,-0.13419728818368776,-0.35044558496627143,0.7092236990712734,0.7841046042946033,0.6706106787537154,0.03031303631798249,-0.057361076137727895,-0.004291462369665211,-0.36108412962462355,-0.45735120394322365,-0.26356889822579477,-0.05628698331460047,-0.35932003801269763,-0.4485521707926845,0.1996729753101439,0.12065851993565349,0.17539081818989954,0.42458830802516945,0.4115489728884102,-0.0971824936441915,-0.3284171805027724,-0.6728887252883697,-0.21686788168918575,-0.20235527023763963,0.6617783346437557,0.4727135540646387,1.0723616832403324,0.6720355138156676,0.46165917898142694,0.776558945731477,1.1158031774595596,0.22979224810227,0.28331555207822534,0.23170672677342144,0.23444396363612946,0.47254859060035087,1.13385457832117,1.4450085427332433,0.6757070543171783,1.2819558454086863,0.7908203818568923,1.2244901500327725,0.7394097246366855,0.7171090448782258,0.5287454970671291,0.39373788728731174,0.08040155492307725,0.06281191395649867,0.3359226214332608,0.36693294913409075,0.8037836738640217,1.1644481580566874,0.7187726457743537,1.3881325020842143,1.1204624224783133,0.5720121511433195,0.5557335935208432,0.8787405652708635,0.9742590836790135,0.7704794570657982,0.7768658702405686,0.12485798492303307,-0.2049275191033635,0.30487215807621515,0.1588662513307998,0.6453453902927131,1.0612604768039884,0.4339605848111877,0.9325764433422911,1.0002303834855983,0.10015693914253337,-0.2743470472683819,0.2291741934269902,0.7949406927279816,0.3103418568639757,-0.027562062388660935,0.4087946105659682,1.1195821179968224,1.0099290050406053,0.986958858532668,0.2518877868088904,0.3102608835860512,0.49934176728033025,0.9274546559977328,1.0339006734745664,0.576044215577536,0.8174336897040724,1.1091326790357174,0.4406400154421548,0.702363561935726,0.5677906496869165,0.6756140880567674,1.00929712531953,0.5991541085466255,0.17390865190706792,-0.14979389286998152,-0.3353988534825333,0.04200561548626111,-0.26848997456095947,-0.14587609633935672,-0.24023145828555598,-0.09663695685198814,-0.41599884825687317,0.1980173212132274,0.09831631691494358,-0.0766161546046718,0.2087389061173099,-0.1915704212277405,0.7977814802014584,0.11755751567241846,0.28566249062449944,0.26475978041258563,0.029162932669455577,0.5099514785414043,0.5124398175421802,-0.013834565690200806,-0.27802428617797165,0.7256684114351554,0.5465730541740296,0.9173452078932971,1.208438425834769,1.4128129522283275,1.5327355231389659,1.8178243554545102,1.1230994081822296,1.1461677339904128,0.8139123528512981,1.4770798196648582,1.6590126524368607,2.404920090314929,2.072899795088847,2.1001111357156175,0.9997520934923125,0.2800650579247257,0.5266561653345213,0.24142023547688712,0.21147718113919664,0.4331927396907306,0.41313056515838875,0.361617971205877,0.7641237459314794,0.6708471121526586,0.7538991492281583,0.5904405260352303,0.4383818684829346,0.33141431001351435,0.043591074457803684,0.04548536564129178,0.10038401330103748,-0.06646984225964682,-0.22583009743849616,-0.11473419466996422,-0.20858682152645322,-0.07156160962706348,-0.17278312329310272,-0.2819357758185566,0.09054572214119201,0.4442206465546381,0.24078569949798811,0.20630840233076359,0.1904531667723673,0.658938893619474,0.6224500970261002,0.5077856367764193,-0.3041960814812915,-0.3086421583022594
1415,0.5919509592601683,0.7178924452461501,-0.1353153253787902,-0.3119630408264641,-0.9375663106381317,-0.9878949944234368,-0.9179686567893323,-0.40874252831287194,0.024861885311248194,0.1027731944994914,0.6882172881746246,0.3419710060614143,-0.06063260961505984,-0.17757571748913603,0.4335007594325143,0.3991295880609145,0.26494510064735705,0.1099130697513988,-0.20734673033176976,-0.44489932549988237,-0.17622711972970093,0.3237456116264982,0.7285988169158497,0.7722791057175278,1.124741027972295,0.7890977597194152,0.6455083286725568,-0.060286911923051356,-0.015823222677959492,0.569014035935431,1.1146096076148755,1.0722869180313293,1.3133189074957854,1.2972189451011131,1.0478931867748202,0.4094170047643182,0.09707826929963395,-0.2600455882520958,-0.2780030873238379,-0.6345404521156264,-0.9345100871905776,-1.1425734393171503,-0.4283171844868847,-0.16037227975703874,-0.6610856317126201,-0.7816940665432299,-0.6090794568863952,-0.18945017229146088,-0.2538879459143713,0.4278687124718728,0.8065751140894182,0.41067876030319084,-0.24541276480252683,-0.36125710824985946,0.09549165243865432,0.35312083640870173,0.9143561282966771,1.74290962253959,1.741654500073679,1.5731485043488977,1.7973996216046,0.9986398747353332,0.6886095301752837,0.5386727715704787,1.1252794236988801,1.8920636327030826,2.0524348613651155,1.4004579389550302,0.5475442492245761,0.11641082428959622,0.346164952751591,1.0857255903823666,1.7105148380642512,0.8647137657427713,1.2065858827100011,0.7969531169016781,0.43930126577290585,-0.23659593780852584,-0.3422625458319136,-0.5062550246869442,-0.39046575279691,-0.26178607432958445,-0.3740587401737112,0.32417509267283356,-0.083295056618929,-0.14014620643934317,0.04734158295720586,-0.3727932484153004,-0.3527764895048765,0.13671101484948786,0.17402938946599644,0.32894080359117284,0.012336572446301264,-0.2941392533307128,-0.09845403493777935,-0.05936260193268922,-0.24853507029911998,-0.02488370525499578,0.1995902157836287,-0.04131096759131864,-0.5121835110050481,-0.07216637591897895,0.00020188445638813501,0.43215359937355763,0.35580302645053974,-0.0015600398682347333,-0.11685622170628349,0.266532735471769,0.2355208324820918,0.14618850914604087,-0.36972421521332643,-0.18631916359621198,-0.3396131278436486,-0.6831260563431307,-0.1466360151091069,0.5966354478795046,0.35269175022255084,0.39015912451846335,0.8343518239249726,0.6222700756998966,0.158121298950808,1.20649956173886,1.1888172086758808,1.0240002307255254,0.8164685926453048,0.6615142114070414,0.7886621817643622,0.5271469193324465,-0.13544067911355512,-0.4796746524843788,-0.44782174872861114,0.09338401639460989,0.3727371534566096,0.30700674222313556,0.16477488137248167,-0.1687966231718158,-0.2189169253676209,-0.400886485398854,-0.12147031936523103,-0.25917395058745707,-0.4223254045269942,-0.7675136519648011,-0.4146092841056245,-0.44590399601112896,0.3126650059632203,0.7553599174421379,1.2219391755314364,1.1026241196525859,0.48156896828456797,0.14417221224053828,-0.4455858206291492,-0.03911676315391438,0.22875277709651212,0.005355073069713612,-0.26926829215576153,-0.28546174886046405,-0.23308014391874649,0.24999300730139018,-0.37163145918487966,-0.38968240318697145,-0.11972691246600678,-0.04517665743875959,-0.43635095788209494,-0.817039422181671,-0.2623141636749072,-0.30118156199243645,-0.6160021390583482,-0.5122898588640272,-0.3669369008558969,-0.23159547618858473,-0.3504988811927087,-0.4914118703309917,-0.6022189693804163,-0.25127845439418256,-0.5342687380533535,-0.01184564501404256,-0.35388756138932265,-0.5215189961233269,-0.4311070775749052,0.11199944484923743,0.3815951023813823,0.9311602588983698,0.5066335800506823,0.8539200558488449,1.623927400453208,1.860870302671952,1.2989110961323833,0.7138032154368663,1.736387112855906,1.7482098396072083,0.7890260756104505,0.9053483993673679,0.7548572432737974,0.463375047695028,0.22382574218499798,0.6804993980036274,0.9329445003282997,1.297271678119779,0.5088362204527289,0.9772603502746567
1211,-0.2675416689010591,-0.29483148697714673,0.3842170845933973,0.38883207717104706,0.06447810823299405,-0.2672650858104195,-0.29483148697714673,-0.44026548852970676,0.0734700467164826,-0.2779148355376496,-0.4667992372238625,-0.8098376950162585,-0.6452985239819159,-0.21972869845472653,0.1434493336682304,0.581708872316628,1.0840760850472622,2.0532498580500453,1.7735393493161116,0.7186641353989011,0.4045247382588459,-0.0765559716365165,-0.16950161439987838,-0.36458400032385296,-0.30269074808690727,-0.4225497192627238,-0.531395866141685,0.006591699634720588,0.2996905119962575,0.2659082241112862,0.5648346610997441,0.4062371025912492,0.018325995010400532,0.720675083594258,1.623243582539588,1.2925046522172625,0.5945377699812155,0.18725642120439978,0.18579519154702845,0.10011541162238852,0.0414487899041716,-0.008465389437222165,-0.45514762987407104,-0.4240539108647364,-0.5227946493422012,-0.7963840538707876,-0.40727882478520583,0.3963379118358483,0.023311883153710078,0.1496854806795111,-0.34112769232832474,-0.5598846153326024,-0.46118089826567066,0.10149472534437726,0.38425478979205924,-0.09357370911708388,-0.5993702793098526,-0.7692310107899467,-0.1769705122610683,0.19998694590397686,-0.18679056918317116,-0.429924757599995,-0.3925556407900495,-0.2850331604082269,-0.5907606101314448,-0.6816655678821946,-0.5138422004812646,-0.5369543800548228,-0.3740560488714961,-0.6521946100699619,-0.3070921609919196,-0.5803220744138394,-0.8633627680957983,-0.6739284674588555,-0.2372772708314613,-0.2782958542127885,-0.198255403770368,-0.3554588414568169,-0.29519289873735005,-0.21375531636724693,0.06344058650881815,0.4955501394375802,0.4105244236290386,0.24573794132576204,0.29854262837036144,-0.23442017708177681,-0.6994797180654483,-0.6107482627931122,-0.836104775627294,-0.6130906743507873,-0.5966289128926576,-0.4068349723790513,-0.4611998140169341,-0.33682876271379664,-0.22648943826191956,-0.35185397617298214,-0.2810819842538008,-0.40950400343141863,0.09220626830513357,-0.27066207482121146,-0.05254474024028377,-0.033343862870197194,-0.03139074020223476,-0.041977211407351195,-0.4671874833203052,-0.4273499824333767,-0.5234889861771232,-0.17816041557377932,-0.27381762358467043,-0.004649563985317573,-0.18365338532875233,0.031400366523338885,0.2397957122223878,-0.014298580941037614,-0.07956957721837289,-0.1062114498114054,-0.5129728838259324,-0.8618316537802788,-0.6890810865152743,-0.45449956529417584,-0.4649860009948573,-0.7369723452138262,-0.16812874106827233,0.17862871139457395,0.6125508088453488,0.48881223293806486,0.28348526033257226,0.31207565938951165,-0.024621720928569624,-0.5168154062038373,-0.6917121247790868,-0.7449673861859528,-0.528312939206923,-0.11723040297397674,-0.41396262714460114,-0.7617951626132795,-0.6280957593553654,-0.42771338112574064,-0.04382669695638368,0.041360393368450626,-0.1722011458271283,-0.18925314354747833,-0.37314147739163117,-0.30875806149417045,-0.21948176617860046,-0.14438067166285362,-0.3050943609625679,-0.6725069862167423,0.058325167996993166,0.15943937146961057,0.5566393892663627,1.2553321832716016,0.9720663975734112,0.9994311750511384,0.41818289447426127,0.3363076895090233,-0.043248566817230105,0.2854354368221421,0.022881488846215825,-0.04394384273908153,-0.49250940576115376,-0.6569858712679701,-0.7186069561399461,-0.3083499641550913,-0.13614086662357316,-0.05707736918251211,-0.24966117962820145,-0.6473522711665429,-0.34537984239142805,-0.20214163929844114,-0.5174292762792535,-0.4305197119241478,0.10083961684228751,-0.04098597498391707,-0.26131408502983944,-0.259741864990143,-0.003392746159808002,-0.1706796154915451,-0.3643710662693376,-0.3193037462733914,-0.02938008959024914,0.23288710335155632,-0.20891069878206187,-0.25161848310490853,0.1854880689975738,0.1975405051888485,-0.27557581588144325,-0.10807547615592836,-0.08526258744499138,0.1457262975628416,-0.2836300519940178,-0.09083564803253419,-0.06546123559057987,-0.25451156366387034,-0.02414217158638847,-0.20595426119853708,-0.39385062342902716,-0.5414182916790532,-0.8357841731339195,-1.0578964188932365
1294,0.2681823572220965,0.04031706889425493,-0.25264274800655967,-0.49558249594863,0.129115858628566,-0.024898605310144484,0.2540883363993184,-0.028380284320492,-0.060225377166086724,-0.30526114069201016,-0.24198163411970516,-0.1417614473400788,-0.05308820358281439,0.0018594224710773016,-0.2290992061154123,-0.44646364242398934,-0.343252972931805,-0.19981400324698484,-0.33525004199874525,-0.7457544566282119,-0.32668584450843463,0.6364287405712215,0.15856189930292075,-0.20088364690814248,0.017068060309428562,-0.20398695883694054,-0.14895815623731135,-0.33787845836740527,0.0053246279409208674,-0.17377368365645174,0.38840315501649614,0.38195218563240996,0.5458257245843942,-0.1074308250351923,0.05869827268371852,-0.19873159486772196,0.09797011620363738,-0.37678985396541387,-0.8385547399996429,-0.669655307014832,-0.9256961054969937,-0.38410649225785365,0.12096305093591006,0.2263798728566782,0.20146235259653886,0.38926759734992017,1.0739994433173818,1.1421217529507128,1.0741241774159693,0.4491794954182925,-0.0894898353861617,-0.4444591880572052,-0.627128682948594,0.32413676430416166,0.9490522242353068,1.0825066186857695,1.0325851658450858,0.9325045428006331,1.6284993172092577,1.5036024414478075,1.0232839592570833,1.3461745991208538,0.9541907432165316,0.8447382737835535,1.306822064055755,0.4695225962050086,0.42707473202408724,0.7596748070145811,0.8535588752799927,0.8829648241597912,0.3519123420709135,0.3843741093674904,0.7645896261541167,1.3843540707776913,0.5795702086444048,-0.009965045755370494,-0.17010110642727258,0.6148536770249652,0.6047940249871009,0.20150469394147083,-0.4653052573848423,-0.9810776287037228,-1.0307341717208436,-0.6907664697026821,-0.36187569943836906,-0.3950431629412639,-0.25070938964279954,0.1215924363149879,0.17773966859374873,0.6715007338560469,0.3068238565211854,-0.3570906136771779,-0.13547531110254446,-0.05687494801209536,0.528910384856544,-0.012957535007513399,-0.09209608808687553,-0.35666639698752667,-0.5389272256910368,-0.6454307509432031,-0.9551944413086243,-1.2038768962270547,-0.8543952974988213,-0.9998942614676258,-1.1764158615307472,-1.3322414340213649,-0.9195649787332021,-0.5146402276678899,-0.22066921457294306,-0.3151181263594269,0.039693645464490335,0.10265293278245935,0.10986207244922697,-0.42529809292004217,-0.3899934093462769,-0.2635546125139009,0.38735795177042465,0.16607527626911806,-0.15508172515236246,-0.4382624947855801,-0.35764806069647914,-0.21206338388010196,-0.08453624206093738,-0.2650340777970045,-0.20174656121495993,0.1362602134265374,0.9500730492401832,0.8380861885281736,0.8334621019137572,0.8028041230251423,1.3041138711015612,0.7363193633354821,0.9186213068089949,0.37684384465711673,-0.09743306600972373,-0.43006410029253095,0.15396048308721688,0.23936183663290694,0.22604433305569532,0.6701235574902393,0.2898396729331912,0.14265925255754272,0.0549251456963068,-0.23016364408139486,0.31331766453688414,0.8428000947425411,0.7172035647757833,0.7374101510489829,1.0020667433821013,0.4794504350267291,0.2344881745217428,-0.16498923586236705,-0.1885318874601196,0.8994491432928691,0.5990931285147156,0.3981922704858598,-0.051647223416003474,-0.13465075823977424,0.1495500987203342,0.18192177105135862,-0.09721106937179237,-0.6280855495239409,-1.049667731336303,-1.309362463924025,-1.435186595381373,-0.7144911113243804,-0.8194139722986589,-0.5225215375553377,-0.28755480274582323,0.13396783833933723,0.968827073061749,0.8518894171883105,0.583136967366676,0.32216971653221715,-0.3585049829973007,-0.6330694248583271,-0.4890323483672593,-0.28116213947996227,-0.1133959132233502,1.0068312030383118,0.6703463782061719,0.17426764611786408,-0.010617273162704943,-0.5736389933540473,-0.7425419113088361,-0.020129959574362033,-0.09874211112832115,-0.28828046715624145,-0.4904190766340182,-0.6298469212501687,-0.18574598677594992,-0.2708241162896692,-0.16276664176182754,-0.08250375782787141,-0.2806363580345438,-0.47044781499220634,-0.6080320151055758,-0.42826664908508805,-0.49116631381229264,-0.8290423400779107
978,-0.6259107520489979,-0.6773991263572765,-0.6956447233879478,-0.15038039601729603,-0.21604632742547009,-0.36805998166645154,0.02703102934584954,0.4083995839070357,0.1416386197217997,0.3668395042192894,0.03804530898185504,0.28092795565111794,-0.0073311987504518505,0.8140585525670702,0.47347069509812506,0.04639083323581089,-0.3191503443511087,-0.5465446057087233,-0.10203459356085126,-0.20382259427352645,-0.36565298589425327,0.027400154102690852,0.4083995839070357,0.1416386197217997,-0.18333319184123503,0.10269230488235064,0.4327570475136787,0.1477504862977715,-0.1821296939551359,0.6530495633212957,0.3681100516131831,-0.004078605564789284,-0.33721137900335924,-0.0012802783380714833,-0.16770052496902532,0.19433644754601648,-0.03520897078244778,0.8071123128618407,0.47208263483360535,0.04620627085739021,0.2310223517094158,-0.061018905548694435,0.2316620147366168,-0.02520767102428173,0.2589774878166731,-0.013073940569582332,-0.28749033744007785,-0.4977652676003534,-0.07082968729860073,-0.19085449068956922,0.18840914334846537,-0.03641246866854686,-0.29341764163762896,-0.4989687654864525,-0.6211869457375458,-0.6763801908495981,-0.6954601610095272,-0.15038039601729603,-0.21604632742547009,0.1821127143940729,-0.037615966554645996,-0.29360220401604964,0.051203930574071924,-0.13566124557751702,0.20748911350839438,0.5188531584602709,0.19312699403007838,0.38508510124996065,0.0429536776717277,0.28194689115879634,1.0931987557490177,1.2349372568266035,1.7556836036540813,1.0409754717568902,0.31854350429538664,0.33474596165633347,1.0706301898842272,0.6600406458366417,0.15804790567514532,0.2826952883961152,0.5073993875425012,0.1719233875259939,0.37415486868136033,0.5896060653068993,0.7666382181895673,0.3263654095470162,0.44250077975579044,0.6125754686490226,0.22239282632659405,-0.15795679272691354,0.10898873383674311,-0.1162121506607467,0.7627547406372123,1.0053977941279784,0.5270081647059672,0.5637000244992054,0.11741145532212965,0.8562924884475434,0.4844909303639696,0.04861326662958848,-0.3187812195942673,0.003628090351801172,0.3834911065991776,0.12987401402394158,0.9133073294760403,0.5227366360126262,1.16461269763069,0.6568094246588219,0.1218675463938913,-0.29479288074446564,-0.5404327391327515,-0.6510037917352766,-0.13899103599461024,0.8865214980893565,0.6033605434104476,0.1442515498802613,-0.27006896581502826,0.021504562625631107,-0.16177322077147416,-0.3546327506284088,-0.520550108564056,-0.6269296875566763,-0.12741099267517275,0.3400536728326055,0.11866921637967648,-0.1892604960387862,0.1014888069962515,0.43257248513525803,0.6979231823582959,0.303396006204893,0.4365734755582394,0.06119927470239889,0.8370279559091934,1.0295706953562007,0.5331200312819389,0.014730826324780039,0.1822430136010459,-0.09222381181094491,-0.33147878490786487,-0.5146228043665049,-0.6257261896705772,-0.12722643029675207,-0.21011902322791892,-0.3668564837803524,-0.5229571043362543,-0.6272988123135177,-0.6775836887356972,-0.6956447233879478,-0.15038039601729603,-0.21604632742547009,0.1821127143940729,0.5125567295058784,0.7420961922045037,1.4205989350920933,0.8621759861292247,0.24408572664498468,-0.2395996356324134,-0.5213527689728225,-0.09573816460645879,0.3475535996730972,0.12005727664419624,0.3610967624001589,0.036841811095755905,0.28074339327269726,-0.0073311987504518505,0.2638858565065457,0.5381176909986206,0.1982199250983717,0.3861040367576391,0.5933109361106729,0.21729989525830073,-0.15897572823459205,0.10880417145832243,-0.1162121506607467,-0.3375906514838367,-0.515826302252604,-0.07573805598847339,0.35829926986327676,0.12357758506954913,-0.1882415605311077,0.10167336937467218,-0.11760021092526646,-0.33777521386225734,-0.515826302252604,-0.6259107520489979,-0.6773991263572765,-0.14547202732742337,-0.21502739191779158,-0.3678754192880309,0.02703102934584954,0.4083995839070357,0.1416386197217997,-0.18333319184123503,-0.44748039117817384,-0.05276865264635011,-0.18594612199969657,-0.3607446172043806,0.02841908961036936,0.40858414628545636,0.1416386197217997
1011,-0.8945930594988591,-0.7347894753086096,-0.5254996925251058,-0.7139188393939188,-0.2087440469336393,0.2543091336440553,0.22910274523581292,0.46089418215705813,0.6431117696718461,0.05085497390342744,-0.5105892242775498,-0.19213299672355888,-0.13829003977541598,-0.11345406854869736,-0.48996983569387,-0.11403473162601069,-0.07555234937414884,-0.4424067526309316,-0.4358353236429833,-0.3721240360268466,0.06925572483353737,-0.27436144918198224,-0.6620244582144733,-0.9713572826856475,-0.07103176365990171,0.4423983909100849,0.3921115994068427,0.5598972112848025,1.0483060174316277,0.7452086508231746,0.3916074931185314,0.46322703130173315,0.2467454190712591,0.06841607968285598,-0.06035244541143071,-0.49669390511598466,-0.4887304009495192,-0.04031472744359331,0.3766970248709755,0.6632559912289063,0.4523833381463033,-0.16633237607811532,-0.323749040878392,0.024264871523156338,-0.325251294119843,0.03105546450335389,0.737305885014107,0.597356467058885,0.3348664205435341,-0.2760238993005151,-0.03359796812420068,-0.05167654669578042,0.6459037338066768,0.8816026925791999,0.2422935100004119,0.32116590023103714,0.13134454236228113,0.7184429301104478,0.9038995317879134,0.9694544532487156,0.5982894500896705,0.25076875795135917,0.01206567994707125,-0.4743970659072713,0.2384305422987844,0.9586236250125728,0.772213166693321,0.437089287008105,0.49074616054759135,0.2575616409092996,0.7933296486719462,0.21640789161139518,0.34454511307062624,0.16370647901667112,0.01709821210184831,-0.08550025986157642,-0.14520399367862566,0.18800416662272698,0.1356315993842809,0.03323977138537046,-0.42994689564306354,-0.8168936032969258,-0.34696654574620395,-0.1998919432958774,0.2282552599329131,0.5456669008084676,0.7409554474308396,0.47929886640994257,0.20168311068386247,-0.0037914845879891135,-0.47840638497892535,-0.484173742033576,-0.4003115760622631,0.419225833348994,0.40194684949124376,0.5965230015644312,0.7234066590230979,1.1697833559784512,0.4574260232734659,0.828819525472042,0.5323864697387632,0.9739137253298928,0.6726778650616463,0.3422318018429862,0.43832135874212574,0.5982353305086182,0.3842432459563357,0.5189090202479595,1.0215763699205969,1.0954209012291696,1.0679157917917574,0.9999596884831048,0.22178782935167107,-0.084070600386668,0.14635422159444164,0.44631756653474497,0.6840330275157174,0.8182106111968205,1.2358000442642976,0.8507724255698411,0.07632375985989688,0.8817309238787512,0.668731590524765,0.7507462928067414,0.0828563392631998,0.20735248413930057,0.07424201069560321,-0.024516136866629568,-0.4608069331710174,-0.8283782359245246,-0.7110937843817969,-0.1581526165526863,-0.03317495275001853,0.32889916292782895,-0.13143478642903006,-0.241883598599728,-0.2731153576395155,-0.6116751697240586,-0.5370265664821884,0.30485658026538187,0.33027996826657197,0.20196084863420827,-0.3288767237491276,-0.4111520156928551,-0.3743066004787206,-0.2956019547305966,-0.23359458551640425,-0.5628524675523894,-0.1479316251480054,0.27338613551594215,-0.1271269262017411,-0.5785097315263952,0.14823951017893466,-0.185617649059916,0.1469445205088683,0.44849163383903257,0.31263262586959356,0.12793393274729664,0.33184126231430966,0.19431886352166675,0.05189050435823726,0.2964245658704126,-0.1789837230847952,1.173679537505191,0.6290386033424764,1.3859616221330848,0.6251727855667805,1.300953406860813,0.9131412938690977,0.49924690777897596,0.523841317798879,0.9963805336114749,0.7153802369205866,1.1020587340337344,0.736099120198174,0.004472751626743286,0.487047700003259,-0.02264439094869397,0.5710327887977513,0.4255241110139773,0.5786194974684683,0.7065196246067984,0.44013002698916603,0.17890374143819932,-0.37375316291235544,-0.4386711449387132,-0.7460302236155276,-0.2562929835894044,-0.13466473674485857,-0.46124161261228014,-0.8014204548029622,-1.0524416537717267,-1.1900812166801946,0.19619794595660212,0.7299732073408087,0.6031154364137168,0.6754877261346821,0.7359999796192813,0.8034735528909844,0.4952150717512895
1284,0.6377131362982066,0.14332066693574408,0.2078789494200373,-0.16494927647732166,0.25825069767209174,0.45390169053533214,0.44884748780463374,0.5040739399352845,0.05564425868915959,-0.10095561767629953,-0.2829193613639134,-0.2692223247264852,-0.34025654877639855,-0.15799555605545657,-0.11031584635333123,-0.5820406096854654,-0.28930403086660106,-0.5585270897847588,-0.695430596005951,-0.909787641452947,-0.6999415017919222,-0.3473681550650286,0.9081739953902815,1.575971312307191,1.199170013707005,1.1675340063583168,0.6914213854090216,0.5593304445674016,0.5333386547620423,0.7973714681458591,0.7947237872106242,0.5003626819681093,0.34527057759610336,0.7462436395286984,0.662236785959116,0.2844009995422054,0.179732028643248,-0.08559166524532695,0.08898826983212627,-0.31333369655256993,-0.5674285765048929,-0.7358694242757988,-0.6973077421923457,-0.861819462742196,-1.0089802550610631,-0.9961375823549932,-1.0725928085544223,-1.2548095260004843,-0.7988163416996453,-0.4838460999348816,-0.7591907598651304,-0.8419287891266192,-1.249737418073753,-1.3299961596251948,-0.9585186298922836,-0.23301765389287862,-0.141640659386629,0.030067096500589835,-0.36095620922248167,-0.00450102223583565,-0.10817324888209112,0.006585702822132333,0.4670980774332162,1.2207008055623012,0.8322067182789414,0.6972077234695916,0.7251590109479796,-0.04411005465243645,0.13644589828843057,-0.06351995127482296,-0.10852219607521646,0.11495802832955704,0.08192672308675303,0.3808564125650125,0.029825164691036243,-0.20781047002908293,-0.7359888647978633,-0.4112700389174038,-0.6250421195642482,-0.7223234194325073,-0.4328954871564061,-0.1524314609348466,-0.06771832311927861,-0.1808266408596509,-0.06953457357609635,0.8969661416920097,1.8630524037383926,1.936456595482765,1.8980339129092072,1.19405543428535,1.1981035635006778,0.9741274167165437,0.695698948693102,0.7244987421294482,0.5597728865366244,1.030669511653711,1.4705696709973215,1.6629544775246279,1.0008919713133606,0.480064766377605,-0.11186261278160003,0.10770721042252185,-0.4165068359866002,-0.2869392058421612,-0.3482619287353686,0.08618192018077858,0.3518891267598248,0.26879134671870747,0.6094769679222413,0.6686293872220723,0.3094103034512454,-0.1557551384319037,-0.386342563859592,-0.8492234621211943,-1.1912632399082486,-1.6493220608599084,-1.4896797352563884,-1.497380515009728,-1.025771957060933,-0.9877574423404331,-0.7965186728254272,-0.5386497443386717,-0.22143265843292664,0.7361075267854447,0.6641067041484032,0.9048060986016986,0.714176821008864,0.6385447056555519,0.8437560553333614,0.6861289734000716,0.7583832612042274,0.7134252739513753,0.4276758239845175,0.6660968938274165,0.6848418224649526,0.313145546424455,0.33010057371910695,0.7697333405780438,0.4512543610976949,0.9418447345514702,1.5207291947682124,1.9673285769095725,1.7520186313842692,1.329561317493432,0.9747796069234231,0.7569769552392784,1.2613957665511246,0.6677423449967068,1.3958068015727059,0.8926626699690712,0.60131565775456,0.9982354448026032,1.3048620987451511,1.6494012253146484,1.6293524775550394,1.1673650282108745,1.1130808857900059,1.0313918120507788,0.6355757927234067,0.5429814981627278,0.2851662968596444,-0.14748685252066063,-0.6026799232381159,-0.4342606794145569,-0.30606433226996044,-0.07853460921424625,-0.03819998374588386,-0.05386434376415804,-0.2064146548812253,0.027189524896026496,-0.46445847043909455,-0.6868895097787575,-0.0858231306088747,0.02581537415217472,0.2765265211145516,0.07334468543272935,0.4501556408462777,0.3257711202811552,1.0162934337014229,0.7768270887761742,0.6955523016907579,0.8702127641835301,0.4489038313980475,0.057780324961052676,0.7431845585235496,0.5893103195228295,0.7221610948794142,0.9409337544539066,0.7543374130845544,1.157890325292391,1.0491062443693235,0.4105295920466776,0.20744564492290166,-0.09787473342466446,-0.1701458666896326,-0.17310292516833775,-0.03324573221566876,-0.1525109255661279,-0.28445781034884576,-0.26765393296860585
1444,-0.6059292209361574,-0.29297000409211227,0.07310103929231745,-0.24491753153869922,-0.306091307968719,-0.6376608645573404,-0.28254849464450527,-0.21080656197560313,-0.4997007191049943,-0.7917885400382032,-1.0057079584835964,-0.8161392452485938,-0.5942865050386276,-0.7305626761562436,-0.5988688683549055,0.1396621320223769,-0.13919850999402583,0.0956559443826176,0.6132860986052343,0.4371245256584163,0.49281264753506876,0.5409542833312779,1.507301116331245,1.4342494204566336,0.8928065436047682,0.6770969985106428,0.5897418645598909,0.28596270519523503,0.6565412639641902,0.7249427504402983,0.4285171085197321,-0.17460845548001155,-0.3539982649481933,-0.3867802743811929,0.8772191968938832,1.3887191282413198,1.0023732319548624,0.8033469620293252,0.36492699362461767,0.6659031344210753,0.41122375996781546,0.15288536428558153,-0.3623267164001009,-0.14740183317546895,-0.15780353282480866,-0.48328862734235145,-0.7878146925081491,-0.39173484477474185,-0.2748896654406886,-0.22236216129313285,-0.22488613230985044,-0.5519077547654635,-0.5312065271518137,-0.45335721085071246,-0.06239827579232077,0.26575471752949925,0.1730369629628458,0.6252665923967656,0.10488088348937907,0.19278522162744272,0.33713728814677724,0.17403387842755613,0.3082946970605623,1.3614209760421552,1.0511282844467678,0.896371427452445,0.444166973428095,0.7093538990152095,0.7346504621857979,0.42825870683684625,1.0510674190368479,1.034635704207442,0.6275389238576968,-0.07166406172592488,-0.6184335997550994,-0.33717994226887804,0.04543703959014847,-0.25570584883164404,-0.0024861245607070703,-0.06115839704031664,0.48048397628833395,0.3452673511828468,0.1338933880385614,1.472886754860189,0.8620652342272872,0.723319706915962,0.3191904473455519,0.02520649081028592,0.16217785728881745,-0.26100114809564745,-0.034620461084256704,-0.3892281412529922,-0.4121154865588509,-0.690970962171109,0.004489048088679226,0.3609987792794592,0.8754985181367936,0.6118261829282388,0.27038385592405595,-0.3126235411285945,-0.4380009408078239,-0.42440304881335633,-0.05527768550624415,-0.34610349046734473,0.24529551809142858,-0.12531038924810056,-0.533991618855133,-0.8622116534640132,0.47322022203183134,0.20287860647320233,0.05498880501617143,-0.11496850255451174,0.3922667084354905,0.5859298933980364,0.37184966169906586,0.11418527802386026,-0.08776087496131053,-0.20169449236361833,0.36345514526589895,-0.030733194540942643,-0.16780014779841404,0.35638949517605917,0.25456836977265496,0.08734516576954607,0.5355897917040534,1.271841465116884,0.6334942584323092,0.5296713572688242,0.8107272907016314,0.5091721254743684,0.5137664183708339,0.23920473240431311,0.6244045660434324,0.7072433743173843,0.11474403377998105,0.1659531102663233,0.6139208880682796,0.42664956586370306,0.7935269503576801,0.8095658522611346,0.466399156182859,0.144791703066434,0.5330778384110761,0.6475990971547193,1.0061585580713985,0.6609055211781979,0.5918989201825121,-0.03843845608160362,0.668431280315268,0.793558060592443,0.20147638619773242,-0.3892018577824752,-0.20580291263762313,-0.5123828911515476,-0.7791493738312294,-0.3700744947744827,0.04724102559284632,0.3615728658824137,-0.0728857378712463,-0.22991580155965893,0.30773924084774223,-0.0774216542805145,0.4204741718573581,0.2749422913416115,0.08271350757843138,0.22052953432737638,-0.2298282796357909,-0.023161459477542168,-0.386130683578111,-0.10484501393288964,-0.4202947458818057,-0.4227483566629566,-0.38720935830283515,-0.3387049965601703,-0.30088841696789004,-0.5872601762967772,-0.8500388541551911,-1.0337306731270888,-0.5196044954974397,-0.6330482615054338,-0.5091419110329745,-0.4148221517126519,0.5741794836317312,0.509490304960376,0.2770204220922535,-0.28085035733528707,-0.41668740536760185,-0.10907959056766649,0.21782530414417073,-0.15957348705152927,-0.574862616307344,-0.8955367106123899,-0.15860771498877668,0.5740986847140508,0.49261705169633385,-0.06322350955502945,-0.2759814895599258,-0.35023959534560534,0.2766142849623505,-0.06892380051617414
944,0.17191828575120582,-0.005216987040110269,0.8316896571765071,0.6930235765056347,0.43043704564027074,0.47615719087866504,0.2652490659122617,-0.211022118455029,0.015456934834302466,-0.0022457761949042643,-0.030217647687966406,-0.06905131961888622,0.2053628406402797,0.15069704078312204,0.05846116454963054,-0.030315048226358332,-0.08894676391178427,-0.42437079917187354,-0.7055949839075022,-0.5874465991314188,-0.7238633858507182,0.07138464642715897,0.784695696678086,0.3604485269866983,-0.1824807367479163,-0.6269797159257999,-0.5812219166393073,-0.1179147993005451,-0.0062504217031573855,0.9204970305237521,0.7651520988387752,0.1585731350582354,0.217433872574557,0.6966883105956506,0.23218009379954999,0.653920052524881,0.45488548081821367,1.1575996039313203,0.5631957393392889,0.5415792712072066,0.2784284866639103,0.08707541863183502,-0.3379655858333162,-0.3632416303130326,0.0023615148354867305,-0.26342773777584955,0.05081038364409485,0.040507631898152596,0.6086207530393215,1.4043582002763728,1.0868761347760738,0.9459109782028963,1.1402307551715927,1.0575446613552226,1.5821008611849559,1.1217907525977915,0.319809499268397,-0.030228855630239082,0.13599786277740084,0.7005991811813851,0.26029385246086056,0.36653837528394695,-0.11511341995286717,-0.21917631142701577,-0.22850637589758988,0.11244294512367628,-0.19677893149782882,-0.22597001070935677,-0.22007850843379,0.425114526918508,0.3834617884658926,1.1537036927997406,0.8795354517866038,0.8182522969239523,0.46664164346075265,0.49452727509373606,0.5893355203365783,0.07164439109440895,-0.4073962024662623,-0.7503095898697387,-0.9393529532459822,-0.7124298439434795,-0.16048127516519983,-0.016955747351125983,-0.31058133262007803,-0.012469891598605981,-0.3156900668176619,0.004799621769760065,0.01563341535470747,0.2919670290158364,-0.09837695359990184,0.12264399515205321,-0.24268095899549041,-0.27073967154569994,0.3697329314093354,0.34349731655953814,0.5184879706062636,0.3293451542512733,0.44327653552797175,0.5739231620769062,0.6824015847548931,0.7486875091577494,0.7790438080825179,1.0968355656864621,1.063578050799038,0.36487974368663545,0.35058186983984896,0.46199170834937253,0.29987911729792904,-0.17225329546799434,-0.26908063375843744,-0.26443589944000295,-0.5212728369171303,-0.13212682568648912,-0.05856643024753652,-0.04733608101537373,-0.380376290040825,-0.066550448265149,0.2714833992923345,0.5370929160920662,0.07835328296630853,-0.08748759292337771,-0.16556797220937897,0.4419237578733177,0.38754699815207855,-0.07448019843797614,0.4095654919151056,0.615127232248189,0.4403577274249635,0.22045828698199663,0.34736145132221524,0.20587966125529517,-0.23186629777378007,-0.6046077364760593,-0.5456600841756315,-0.7103642128768,-0.23244198887016984,-0.10024987774579133,0.2464045067464608,0.194588482456638,1.0047454609277364,0.4852735659260235,0.2016040769282344,-0.0036739172345454096,-0.10211902478536711,0.17619877245450868,0.44459095732473364,0.632701148599718,0.7334812858131424,1.0825612410072492,0.44558233643157585,0.43641090651011094,0.21281464650881612,0.3640619479003518,0.22986031523437916,0.09140273300791503,0.5951287399434689,0.45617361913667814,-0.05110111284362841,0.10847989780843847,0.03799043535029373,0.29031515110663975,0.5127397037554245,0.9707631575929364,0.40079496586749486,0.11499988855267759,-0.36907944432302714,-0.0940986083165522,-0.05633923338561242,-0.049923793426258384,-0.07443033454267722,-0.10301495367593218,-0.12064723133207714,-0.4351289309551301,-0.7084390925556965,-0.8952553766574012,-0.6878648297726321,-0.15106731187746744,-0.01431777361799677,-0.3100123158298485,-0.012366824141073457,-0.3156900668176619,0.3120393825055127,0.5940113132905944,0.44221574024922533,0.2238211510981759,-0.2657211974541528,-0.3360337312698085,-0.6044638998542631,0.1176192529442967,-0.12264619339242666,-0.44944969171774735,-0.4336198960714247,-0.34773718971273404,-0.2484745847923322,-0.179555597795594,-0.14630140878438963,-0.44174904691691275,-0.40254350031546776,-0.3170836136365794
1239,-0.030243097430734174,-0.16971611423156852,-0.31032125040818664,0.021153664695793717,0.34654043100754955,-0.073815482334535,-0.30246634042029286,0.4281190913793417,0.2628309944528619,0.007048008854587229,-0.2391216938768836,0.036598318220224996,-0.3143263341759807,-0.6583266034475352,-0.48366991245153246,-0.47173120728808804,0.1903181545232424,0.31799071439787824,-0.1279800530125238,-0.5803523334499288,-0.24594847149930618,0.1613814684639098,0.4896165840263005,0.6809240864214996,0.5446966895455814,-0.2810771988763021,0.10999172886790498,-0.04945764748017112,-0.4283213576592581,-0.5445820235450097,-0.8005626103195721,-0.10191472969863469,-0.31527457735107745,-0.3945411176298271,-0.032284667792711524,0.09485179056303374,-0.2832445229811248,-0.2216914006004929,-0.11046648864285599,0.003865150312015009,-0.1373441102590791,-0.5124645393847669,-0.8257551339157583,-1.0266452489880837,-0.9070981866785781,-0.5324621634758719,-0.6569127865245481,-0.6232961946225841,-1.035135152463709,-1.3932667694983194,-0.9764000615485873,-0.08395893567381899,0.21026205748853885,0.2852863137148353,-0.19369055235735883,0.46243386007017107,0.9130102118351464,1.2300099756148009,1.170474485016696,0.8138336870443597,0.49995409479706443,0.29680492651739465,0.6352226340908975,0.5440229463270267,0.6303629579832968,0.6975210256812578,0.5272036363106511,0.36428489655474994,0.46611754668366445,0.37463795253598575,0.06596280202564347,0.6801054954526006,0.3994116579749578,0.5044869487890793,-0.0520086369096307,-0.765390231596035,-0.860228724478272,-0.7895752517843108,-0.6721083649445304,-0.8046970256035186,-0.9555406056484976,-0.6335751587639799,-0.752444633986758,-0.023185065196993204,0.17974756537101766,0.23941716729285067,0.6572948054278931,0.7872466488315613,0.8351340846020447,1.2739143465289355,0.7675251327630228,0.6867402061875777,0.6792176157843628,1.158180418941858,0.48962410409704205,0.47145889756792037,-0.11956229226415449,-0.15613805482780696,-0.30266185679033986,-0.39812577397324583,-0.020518508372457944,-0.327839664818653,-0.6599169399539662,-0.7033549698003845,-0.8855241754036501,-0.5767415913768047,0.38479238060869514,0.08627071308551465,0.07728296598787915,-0.15509043557600327,0.10705218125079718,0.6090750744373097,0.13838954438654485,0.05705402360889905,-0.18424390388103257,-0.3498606791125669,-0.2253983732492458,-0.07854353584195597,0.03523750891071428,-0.11987679810930936,-0.2859310832524429,0.46951898545554,0.5170348630527737,0.8788279389298056,1.1427624838684167,1.092046334968623,0.5499258849213173,0.5084662247944645,0.3524851529253158,0.4762548819342085,0.6112623360056806,0.27139493642746826,0.15877556227237127,-0.10983085136364051,-0.5251084845838054,-0.8385233007163553,-0.5926796628566963,-0.9605093662308586,-0.8740932162090395,-0.974974675403046,-1.0597750062832647,-0.24139154547388866,-0.16090199255807014,-0.006505005172552258,-0.372829950030895,0.37498852536720484,0.2193865361068007,0.19761624624869845,0.3797405119764675,-0.10724830046569378,-0.7798317251832905,-0.4206391742970731,-0.39983893699188533,-0.40457850595319145,-0.6617482296488661,-0.6760841406276528,-0.6400897462125216,-0.368495754142545,0.3038699242579052,-0.034754578805649416,-0.02598545060815266,0.22300289797622297,-0.4116729501451316,-0.5691385165030386,-0.6168829214006687,-0.3754796208358959,-0.14493757564416182,-0.20746964934326573,0.11979669420814787,0.1874292177427607,0.41892669235083846,0.37532989121800414,0.29360463489714583,-0.0010464311778521085,-0.022092529372179884,0.01693409901381937,-0.14851088739146404,0.13678473546633216,0.41118493960187286,-0.045947089999893664,-0.5130834107349959,-0.8628984322357542,-0.8402203659620712,-1.170790608668575,-1.0138547646238845,-0.16868900266489706,-0.09392872791379792,0.0366008288047342,0.30721015135266866,0.5246441417997458,-0.20638795480034605,-0.9022289683391057,-1.1821115384419227,-0.6031101989519723,0.21590011106609636,0.40356304700970613,-0.05668505255345531,0.11652659924449213,0.3500371334378509,0.34543478483513423
1231,-1.4550833115737847,-1.0025351070661321,-1.2395676133394695,-1.3274622631802964,-0.5007487033452784,0.07649407386498083,0.45261204130528143,0.4560860581087782,0.004734973346114835,-0.2249424545995546,-0.5189145702832372,-0.3507809674032769,-0.32071777359025666,-0.49216438703237875,-0.3052560749003177,-0.29327666422171045,-0.12347871348947921,0.013662122896110282,-0.25448654734949144,0.3717610428704205,0.42732791763325206,0.9235064723584996,0.5996222070134628,0.22495532457963138,-0.4300669011757491,-0.02532519603777872,0.11189929522413719,-0.34065599713029626,-0.4385129241599588,-0.8183954197661591,-0.925843244870644,-0.9480275059504502,-0.21717261164389512,0.43345635597130344,1.2366847376553045,0.7157066640025163,0.262395724490199,0.27490112526240906,0.04925469745483729,-0.11943551534230715,-0.41801015949097076,-0.6469716338340858,-0.6095125025396083,-0.5214042015181058,0.09663248275243541,-0.09582761696680608,-0.37979233744971436,-0.27428637231138037,-0.4741440529414058,-0.46685638152908593,-0.7931435297867376,-0.896034469686008,-0.5732899884163052,-0.07392040548354739,0.13645905080675175,-0.14481331345068338,0.43624272676972004,0.8129408498741166,0.5325601249517133,0.18726809377909376,-0.0925543343635542,-0.43500660238802297,-0.12750021809637707,1.2876895570491727,1.4229905810872436,0.738673501946101,-0.15208435121934594,-0.2804432730043219,-0.18206526402955903,-0.2002835954961176,-0.4200711904806157,-0.09284322647450965,-0.30249468255916373,-0.8854689379688251,-1.2046569379243603,-1.375116539131874,-0.7184184057760069,-0.0951429813161925,0.3426548109591767,0.5779331035064432,0.49688115669353317,0.1917301541140137,1.3648790940302302,1.5684419974402224,1.3861127245038307,0.9392388492399892,0.9240901125240841,1.7285290168194807,1.5763725856277908,1.119207846417771,0.5091377162417665,0.06211244578474094,0.346210118943069,0.1701761078837068,0.5185385365463042,0.8294127098435575,0.15596502263459683,-0.15097771664322643,0.03504542823346675,0.11733353003764385,-0.18134012717889936,-0.12151319694870927,-0.20538949064715006,-0.08995281509925088,-0.513065377032385,-0.18896565178492936,-0.016484524295485248,0.6417955329213004,0.9943437938798564,0.8210426282225347,0.3935978867016275,0.3900309168689731,0.3009619391228038,0.43048325002434856,-0.16055566186468723,-0.5264676813199604,0.13882213264020032,0.10860882935385463,-0.012568003510212367,0.017194866510449984,-0.4727845925239302,-0.3582427771568943,-0.17335292083036638,-0.36164266605190715,-0.032406914793180336,-0.08280067961484797,0.5445909111201208,0.5530575810219355,0.27622496388625717,0.8911768739923512,0.5895419351480156,0.06144891632867193,-0.5680904323817676,-0.30052442596456136,-0.45701903182151266,-0.9667913763137299,-0.34229083796778703,-0.5955051814836863,-0.3571149754688778,-0.1419844323977886,0.018274937329501723,0.4716377629973646,0.6528400926243665,0.5489211368646709,0.22406996157490822,0.1277727348222205,-0.2471523357744544,-0.18276080644476922,0.47766745162801527,1.0664157921636583,0.5704620777301532,0.5262356467836656,-0.17375306046288042,0.1512790310088003,0.02971377462042729,-0.27806064897810073,-0.017312111178701295,0.08832567838128974,-0.5582967250441537,-0.626638639275888,-0.22667636815148984,-0.17899389671933255,-0.38176548089083673,-0.42129140016338584,-0.42423949293881547,-0.40217085900516103,-0.5580572473052277,-0.3447375068017866,-0.3111688494549309,-0.30863446786085,-0.32486682001922573,-0.34232934315275443,-0.17386072362270039,0.3376834182294563,0.4029025589046502,-0.17488988625557556,-0.5464338831162461,-0.23717152958649246,-0.03882783890335818,0.460848861659241,0.4820432231980576,0.04116943799165548,0.3403020593821935,0.14862234130011523,0.6751497275249778,0.7953141405595101,1.1751279351074446,0.923589355295003,0.8099895440205147,0.37908546135407906,0.2161680613524016,-0.38125906959910216,-0.8586175699150063,-0.9930618392254844,-0.6421022401911302,-0.46522493655892017,-0.012396886469619117,0.32962856858995204,0.006944414179888364,0.0005837192678185832
1134,0.07542334295513686,0.1821616561355949,0.10678522273557164,0.2342305806568195,0.55667512155159,1.23450719988023,1.5647094249761706,2.132730401487427,2.128222881365275,1.8083630863160798,1.5033284244865772,1.502430057201624,0.9603728480916386,1.1162181827549076,1.1348479188712282,1.152081825468859,0.7405975077509743,0.16283503232658394,-0.2759898842125376,-0.538159917186399,-0.6619401200286489,-0.5021648244185624,-0.7460670062201916,-0.7819000438113033,-0.16570794292048668,0.39867250274360305,0.17568016597446492,0.2549976550372244,0.33231221012748063,0.6161763997944267,0.44326848344539604,0.4406511671209252,0.24487766067102396,0.08537621508627524,0.18729591042884852,0.10841573376282637,0.028612500204579748,-0.0370489752283709,0.12797532174527532,-0.12143940697528283,-0.16091439816509262,-0.16397008390564397,-0.5572832657340868,-0.48876994883357533,-0.3630065974706077,-0.24194829378728938,0.24950573825376543,0.03306341755102721,-0.04283467279587397,-0.5104428682998022,-0.2752007882096326,-0.18422708144166067,0.08636010912077924,0.29117273798756094,-0.20214940790750668,-0.2737135883019332,-0.2600995598931357,-0.20286805077392817,-0.15070339514656828,-0.1217168221891638,-0.11041108218158013,0.09881354615691752,-0.13069771311947445,-0.16320284698144302,0.24757848895618279,0.01223524026437478,-0.05708579840259825,0.10169462717930892,0.06248201840413813,-0.1975669874809219,-0.22581283935064944,-0.6168063693271086,-1.14608041726202,-0.9272857462596943,-0.6235460510708912,-0.3649661163079766,0.6154548330644366,0.7950227380139321,0.9794529861849701,1.2662009994382597,1.4851040624094627,1.0117028555536938,0.131079754860905,0.45452166093774965,0.9232307116465832,1.127094631859931,0.9913011433806654,0.593059314041873,0.6707673416760564,0.4129874807849747,0.40359582736854527,0.43038331826784054,0.6715393984239328,0.4677482649427549,0.2429395259427372,0.477233087512111,0.5304693767228631,0.5521708883983203,0.3392383469522386,0.9661962052601744,0.7338195983078807,0.6409328750061517,0.14919429176623106,0.36318968514779715,0.23589099743015055,-0.09223972925620874,-0.3774164951991784,0.0481781111396323,0.08167490690145529,-0.1530252769480914,-0.3964888262359065,-0.1625365944017045,0.10497925310286163,0.3156846428472502,1.0551639694230668,0.2113244566465624,0.1551131635115971,-0.1991828818405006,-0.652599862893421,-0.7786332201608879,-0.3885171778172333,0.20491588750511497,0.45770447754728194,0.5501819764292875,0.3480113303461688,0.1470196572923338,0.008204976991036533,-0.27046509029510446,-0.06983853201584037,-0.6646264883178221,-1.0051486058936498,-0.18770997941151274,0.007331155097356545,0.8818486386726603,1.1523829700296526,0.816065619894742,0.43234265474162087,0.9686738754623607,0.7139977620596195,1.2448878576262865,1.1007142100527174,0.4819145052700671,-0.4773463562845636,-0.5891328757753304,-0.6881815370385527,-0.29218096141596595,0.47989672137639316,0.8803797199239918,0.6638217172089478,0.9795769084455748,0.45697733404125535,-0.03456347468997323,0.018890284704552063,-0.026748343334070057,0.3640945954670149,0.29418593146349414,0.36742727050041535,0.4217154826586029,0.4639115133124576,0.697746137801142,0.6875820652892786,0.8420389603152331,0.5552923923363386,0.0719630012038572,-0.3116017896723403,0.06881184803726537,0.08677153199055235,0.05394467037428824,0.4034421836190403,0.9197896929517507,0.704281162198464,0.4062950288815485,0.9748694783649151,1.1346985436010342,0.5827446608488702,0.2370219263773911,0.01546370417327414,-0.2870624813603128,-0.4947707537045306,-0.8277637896221116,-0.6628760586111335,-0.45131375911158533,0.1348896181948278,0.19013663435297057,-0.2893040159172915,-0.3412819954275374,-0.5074559751950599,-0.19794110552190042,-0.3066857047414795,-0.04128226374355326,-0.014944400585822304,-0.03036033915552888,-0.6787291094937056,-0.6310700826228586,-0.8860442636594695,-0.6686698267850617,-0.23349998259588473,-0.08540032723562635,-0.04403221440519217,-0.26492908011378236
1132,0.11087738777770688,0.15126908095227298,-0.17113841409977906,-0.12031141886887209,0.6733086188786743,1.0376735043476046,0.5235430689143252,0.6518092237167998,0.48878460916562416,0.36465238833174707,-0.06886594963666465,0.26788634275331724,0.29820613309459226,0.29107762930627473,0.2563458216868489,-0.12563804041585838,-0.45271561924789433,-0.32431601789085557,-0.13295675690238384,-0.31720963434144095,-0.52640693019643,0.0008957534326579364,0.16839163185090125,-0.10747193181075357,-0.06629101620588185,0.35452768958939795,0.04695135570324424,-0.2974277167054413,0.46563135104053266,0.8703365199003588,0.7726886503430856,0.9151434741578426,0.685010154130951,0.12626896463705878,-0.32921709640029206,-0.6225685120491101,-0.7713897321220604,-0.8306923195737483,-0.849173816525626,-0.5062405622586585,-0.20050559373417393,0.010108674728000783,0.817777526602843,0.43571183933186364,0.6474769380852204,0.16308660343265413,0.07517413880523333,-0.27193426788830966,-0.5374428675294697,-0.01407404139459248,-0.18635760047473182,-0.06898672189755023,0.3764991736637854,0.0640846406327023,0.0576711713893823,-0.2677266307951314,-0.5331131248424824,-0.7072506338103582,-0.4517339251862119,-0.5311566622502216,-0.6398464722341717,0.30119518577005655,0.8071742628397683,1.448319911305245,1.1763104734912293,1.493856466436429,0.7542368211454635,0.7683620397418002,0.8946296658459593,1.044662602673827,0.45777548727804956,-0.10088678339334164,-0.5021099299631355,-0.37459330286800663,-0.5082885855271446,-0.6344667746084215,-0.3926844682978534,0.5415041318121186,0.6385970330682795,0.2007896790985309,0.7845385677608259,1.0292764356220212,0.8348577895491254,0.5868320472338502,0.03558191733107524,-0.04276043831143361,0.34885686156358453,0.38900528155615266,0.7020666038501266,0.24674917229172663,0.13720669937100732,-0.2409391696243004,-0.17871741367187033,-0.3992356232606024,0.4541027709676142,0.5422988725753337,0.13524710469304477,0.05791068356593195,0.0572113609294148,0.10368495872219818,0.149865604858489,0.17606486801532434,0.5337365015483302,0.4957782017974236,0.4005409498120502,0.6501591472634873,0.1961222315453851,0.10931125670747696,-0.251584775435309,0.16573586861194461,-0.09326755088999084,-0.3775921184539024,-0.26473965084020035,-0.4499249547619017,-0.6126486528241074,-0.7340380949811893,-0.45869325039559355,0.5097490195396855,0.6271914132488472,0.8925627954205128,0.354809016703718,0.5307869211015186,0.42825748829817345,1.0373573827007032,1.2331471319198453,0.6064113563425562,-0.015632624949469653,-0.4647989685751047,-0.3620173108009172,0.18991694584192215,-0.020600243611117564,0.02889372439568652,0.7670962917168813,1.7749469943535074,1.498591247284347,1.3836255166290874,0.5784312175028186,0.9598670610752174,0.4111772794474793,-0.09533623970490782,-0.47850186594883704,-0.35722691409242147,-0.15318969743232097,0.021920787400835952,0.4726211826668838,0.4768863466063127,0.04848488023349329,-0.0047653390852022415,-0.3213366752188885,-0.2142156436301426,-0.06396487112722819,0.06262532597758272,0.8340359338857289,0.43968806086382994,-0.046635819828816594,-0.450019913556226,-0.6937238879264735,-0.8041379622490442,-0.4947781053550139,-0.19822555170890266,0.01045833049719129,0.47034114064161253,0.12910030487589177,0.0893097317387519,0.09111537498553138,0.12403445117519882,-0.18926481688378793,-0.47552685888675916,-0.677951715053044,-0.44085521552907625,0.16669921334965454,0.3214564447243625,0.3345121409971076,0.9777105601790561,1.1928703023834277,0.5849521941119413,-0.024055141091486626,-0.46725516209022344,-0.01510783500198365,0.14897554241360011,-0.11648095768185121,-0.06904101603717033,0.35388422750403764,0.7417075757026415,0.6632317381677327,0.15139536838328974,0.039388510861214004,-0.3067148478759135,0.136963860016927,0.9382794492596281,0.886695767197828,0.32598449672489543,0.13990240506267568,0.4319621182237729,0.4173723703106152,0.014563515376280783,-0.36495386860336954,-0.2840218375533421,-0.4665313295290631,-0.6201946030346371
1101,0.9081938060521847,0.4016837888908774,0.6535274290384441,0.7476856375429595,0.24081954975149583,-0.04172239057835411,-0.020203090328158868,0.07890565702468368,0.17889214572636822,0.4350789455937484,0.05356677183187558,-0.5253179371494009,-0.5959463676200283,-0.9204431357181726,-0.1928398264197138,-0.465048579499023,-0.04600141657786294,-0.4482357046128198,-0.4713114334172944,-0.24649144962775515,0.36675205792114696,0.2913080919133535,0.10181381505504031,-0.47545176697562863,-0.7480908653068422,-1.064254545643697,-0.8770202107121158,-0.45461315545539305,-0.2974600479947968,-0.053992897429699205,0.6876153042407361,0.32842227452742767,-0.31747654119491414,-0.28549292877609567,0.46100961373084476,0.9652341089781986,0.692739184508523,0.3123414124692999,0.5778234587984368,0.9065436599237254,0.40541875570753616,-0.5020117008796741,-0.6605464557031353,-0.9969643161415045,-0.43675273133494863,-0.272142655821739,-0.21672130591518357,-0.6198730310708936,-0.8003813760551735,-0.6924141827908621,-0.539044366138877,-0.41401954316445033,-0.3426300941616654,0.848168422419624,0.7216012226257177,-0.36992937177135105,-0.4122379618475171,-0.05424806436110673,0.34578392054555696,0.440849266022298,-0.1607885556563253,0.04142770623263076,-0.2536494347651744,-0.5070277199789166,-0.11380629220353086,-0.48667360299781687,-0.48206394203590985,-0.43978978026263826,-0.18932878252353086,-0.36011322665123185,-0.559576912304157,-0.5283210739332709,-0.8410889966203428,-1.3018590297795265,-1.2722649448569898,-1.3449031953267232,-1.0015469512917496,-0.8864596489307142,-0.8453345743479594,-1.0425962990947655,-0.6482135613955009,0.12286154783468727,0.9423448748718559,1.1216713053305618,0.7060771898647569,0.6553290915688502,-0.08800783505045456,-0.31325510251832994,0.005146072508629196,-0.4120944305897377,-0.4405948585154974,-0.42119993548777496,0.39742577289710357,0.3471283514516742,0.15685790461845267,-0.24527830202340128,0.02055987359341943,0.15177935978588655,-0.14187814874006888,-0.2518573608844115,-0.5034174373394488,0.08822199533158892,-0.11204225166460924,-0.3801173283399285,-0.6204111972931464,-0.19387173657283097,-0.14120116201614868,0.03702729778443417,-0.03891687456370152,-0.33421370416198437,-0.3931264583100963,-0.3869170935254761,0.42059835341356705,-0.2209714723310955,-0.9307541806521596,-0.9145314004715802,0.038057890799060023,0.7304870117395337,0.7797709412402787,0.6374252661740394,0.6609201304328653,0.7198341339693869,0.0124637023702599,0.1489131231967099,0.5775693768625063,0.7805178943916673,0.6822078067947285,0.9149765876852818,0.9344725082997591,0.34456483192155385,-0.3837715476657939,-0.34655413251988976,0.04156866873984025,0.41820366167873624,0.6708694364879974,0.7969589135226354,0.45829863200148974,-0.06219333014105617,0.5029515745457421,0.533869169652175,-0.08699126736011485,-0.6802314869025098,0.2514914034369164,0.2518232734949387,-0.06769550065925034,-0.22187820043848308,0.4670705022204684,0.7446700299889266,0.4946716708845483,-0.2071283272289493,-0.4125031769574151,-0.641721698617839,-0.3769222640112121,-0.09914632879336605,-0.2836826057915599,-0.12708845978002536,-0.7468534952455189,-0.7247570662947054,-0.024422376007941678,0.23772829130237175,-0.04205301196882203,-0.3817066756206762,-0.2589362481446159,-0.4519595062250774,-0.8140374558649606,-0.14648446585639174,-0.06877927512139786,0.1000164502263386,-0.38654316728921184,-0.07706720500758035,-0.49604244308464784,-0.6936476263876149,-0.2351935533318199,-0.16340082965599356,-0.5538270207929151,-0.16819580512732374,-0.15255318974637969,-0.17640926058229123,-0.2226036513782223,-0.2634468371944636,-0.28675637315209573,-0.4895593630839182,-0.4695661523227505,0.1635009756703885,0.34313439308132077,0.0034636992378805423,-0.17307518839136962,-0.0842999867603662,-0.5272849741646474,0.43216633861817116,-0.009871679033272907,-0.5421841747986034,-0.7992756440246744,0.2525872483077626,0.29725287329237415,0.7450954803263692,0.6744238939007349,1.3077593332647743,1.6726729573569443,1.8950118087370376
1179,-0.4246821760529645,0.16101899588102173,0.0878038695895964,0.24270224848423333,0.49293202787896195,0.2570632126157465,0.2893537574001185,0.346101126043721,0.120242468031526,0.19694543309551615,-0.13161138856556073,0.007756951864924422,-0.10352861793936768,0.5072091959823419,-0.23227925881990152,-0.4136461028791645,-0.9109052797471231,-1.1294758036673975,-1.0798759702942227,-0.8346600654964087,0.09482973254936622,0.43458228917633035,0.8441675348487923,0.8089307489118907,0.6954250501928485,0.8762864323141488,1.064170428844663,0.7790716649097157,-0.08958767577269833,-0.10358052284888675,0.0533798286824099,-0.03971867277042737,-0.15573241536252047,0.4533457583298387,0.8730042274225389,0.4328972420120261,0.36504585338832085,-0.35832263675884346,-0.6640890974575835,-0.944557656098289,-0.5303976611351433,-0.6775652388497966,-0.7284472168543206,-0.6344258335993902,-0.9636253546158089,-0.9765523871180377,-0.6512647888260018,-0.34389977596758414,0.30078901114083484,0.6511325668149142,0.40276632450266553,0.3775457119076375,-0.4737842322802292,0.09098339706436442,0.45407161144843416,0.43692101793494886,0.6065628601474382,0.8745644970758526,0.9472394079645055,0.6756113609699228,0.4081428962547581,0.3597513619140874,0.6687792328933821,0.6790464524246482,0.9190293050966296,0.677486003831026,0.7098582585168586,0.7703119026208033,0.404783822481227,-0.07240992542832626,-0.579789817273221,-0.4945852329101137,-0.5909696547623818,-0.09483273947628296,-0.5129422946820112,-0.5378146763419626,-0.08639579756625769,0.3435074728250538,0.5068689326448856,0.25994503389618506,0.13222635851983514,0.3466653081807685,-0.13645628134570192,-0.30561692679700964,0.04063208101418189,-0.02700133797243806,0.8660307126081419,0.20854009858505596,0.3359081763272631,0.22712384321035212,0.29571886031966566,0.0875207280840617,0.03557361648745952,-0.1232719276675183,0.18723767476347392,0.4916086559290629,0.28422428881120265,-0.11450286988595461,-0.5915713994011922,0.0753372861960549,0.20011901195410925,0.21874907484230627,0.16648285945490335,0.5367966980158552,0.45082936591176237,-0.11147094144007305,0.38627590543074075,-0.07411951846039166,-0.10006424477595044,-0.5051628917801284,-0.4066408846987734,0.3266763835309298,0.6908546412725769,0.01774349557413657,-0.542619965703168,-0.36540960695035696,-0.20488839968962802,0.6565651240602834,0.36511182379105295,-0.34397262581818333,-0.5371675686772579,-1.2758672304635685,-0.5561577048068581,-0.3614561081288349,-0.13866380062152772,-0.02450807404496791,0.5956841354208814,0.976296566961474,1.0612144788204065,1.0364651415477817,0.5520231514926756,-0.010631941258696528,0.442169121684248,0.9672238861667655,0.6661453728699829,0.5610486424046449,0.48472124155767854,0.03179986691172437,0.5168336014362979,0.30773403811624434,0.3488263378034743,0.5328332434342176,0.984458307491781,0.06482005604484253,0.02278344885000949,-0.025125486591045243,-0.1449718536103503,-0.23907724106312522,-0.1660097281983193,0.061701230318132315,0.11285736731380036,0.6859415640822852,0.8823485697239271,0.9558101459383537,0.813377915865003,0.5240835632927712,0.725543673363116,0.6784541302039038,0.33217809537915277,-0.1239140766244473,0.67842975377318,0.342341701063839,0.6486372997237593,0.350663118349374,-0.5198095531681106,-1.1038356482367444,-0.8792595806946906,-1.1019028225058582,-0.7377011236584177,-0.11850762142462667,0.08564524494988403,-0.1459359381127088,0.008956162953390329,-0.10609847364937788,0.7898710635280068,0.5908327795142917,-0.3079871020385444,-0.4035907041816189,-0.46062381303393657,-0.7189243127153198,0.06507032026830795,0.9349956994558974,0.577991382407546,0.21033811748895068,-0.10178721241253974,0.29243055158737963,0.7253172801542271,0.47907152966157523,0.7280342840890052,0.3904225026437236,0.6442204534878786,0.058204005544594484,-0.341595564267956,0.2500233282669779,-0.12859168314412917,0.31700327932144795,-0.12587359373219809,-0.43099328890537825,0.07096358404870592,0.019775249384348048
1306,-0.7519915269767499,-0.6475811990432574,-0.4522807458586415,0.29283724291409086,0.14137843302774528,0.053323838586225414,-0.4195542361145692,-0.2349655838616969,-0.1676475316968764,-0.49453586792692317,-0.6204837050359149,-0.49375483353153,-0.7191790891054608,-0.36143120922187977,-0.5894232059411786,-0.46033791515677414,-0.7077880464559625,-0.36449594179496847,-0.21426482169797267,-0.5079509018690362,-0.813759901384508,0.09866141574442217,0.7878261699688947,0.49713866869071555,0.06315238681137811,-0.11985426712578198,-0.17549583952984885,-0.349106793517473,-0.6784586119013505,-0.9444207012978018,-1.1149060924516525,-0.43972570735053645,0.0078046033419781335,-0.2796089672282988,-0.27365711729081277,0.3273036155704097,0.6937632563576157,-0.03264413497820956,-0.20545484285854176,-0.06282277133203085,-0.045586129041421494,-0.2331127981089736,-0.03947225088997214,-0.22126289987734793,-0.21097845164731163,-0.5618159064197239,-0.4836326842591822,-0.35413697780709896,0.33647527059181626,0.1561402221645833,0.2474009932961755,-0.06072844832538271,-0.14182322863956776,-0.348590719921442,-0.1196523862473508,-0.2599378358075477,0.34592697826691876,0.6988776835321389,0.3429041483173936,0.3147919549185685,-0.4280320174558497,-0.669333604920395,0.011398030616747323,-0.06843629015660257,-0.05744251635926395,-0.2732802828164188,-0.4609024144912536,-0.3911610069805874,-0.6641218078574352,-0.9085098036210325,-0.8949378160611983,-0.6365912999391116,-0.5870543447100054,-0.21205185217211409,-0.2884336896783638,-0.8022402824898196,-1.07037211570487,-1.4012955876104476,-1.0430766139258487,-0.8476550855017443,-0.34518969916393716,-0.34231759853108235,-0.24882363991714734,-0.0004894900701887736,0.018137368817966917,0.18190399690980336,0.8797828124424023,0.7067856443885839,0.807643591984305,0.1261164736326712,-0.6678269674083063,-0.2987538518079026,-0.1775094375376451,-0.4719440953114267,-0.5958429047070604,-0.09913274752225612,0.7633530042481629,0.30738000695428214,-0.0867439049777119,-0.2165301987804758,-0.22610557163884318,-0.18009747114724872,-0.1372099958311968,-0.3049695375268412,-0.2745189106437972,-0.6002899252073135,-1.0721072750360114,-0.8640067108196946,-0.20151783011333538,-0.19731610452059453,0.2449526994508826,0.40071158527804907,0.0869653431471458,0.3370390793790512,0.22527874448458746,0.10617772773355522,-0.18412527039804258,-0.7964326350775757,-1.0881635574499273,-1.0338555586689853,-0.5225770280805786,0.31017199613032,0.18433129961374226,-0.10339989027192997,0.00010662582250342556,-0.41119813608144207,0.3756440339719539,0.37105538925561643,0.060361705235141505,0.11991141660682786,0.22660231351923288,-0.23335965878241766,-0.2806264325474182,-0.44423603416383045,0.20752180102522422,0.6232009802267122,0.8822338758292083,0.6182241699574146,0.1281484475996984,-0.2642196760242098,-0.8836844625815193,-0.9527304805946755,-0.5099600480524572,-0.2698738445746368,0.05227660135088334,0.26249128400928684,0.18980867138252097,-0.3023357585637801,0.21992417653116814,0.9641227798077647,0.8005672686969232,0.4937785535339452,-0.176392206926714,0.254801129176494,0.3979964889545542,0.6764510230137618,0.6729239223640041,0.6073259516383643,0.15912592504834053,-0.40977550160711274,-0.25740502400636267,-0.1896679533343809,-0.697096668267366,-0.6029697498356325,-0.252470062314936,-0.4979993531223145,-0.9709358976803213,-0.6110943802461513,-0.5764511868050544,-0.5762920808603222,-0.41745932936337693,-0.4744322976193421,0.022336374012325078,0.08300762290261049,-0.13544535076109732,-0.1765354456992067,0.20371331606639081,-0.005683456082164362,0.3173750371001919,0.42248357678270576,0.0921510318434612,0.147795351106276,1.1987732416606431,1.1881408426440556,0.4239606474710656,0.44685394098540115,-0.34662085745399407,-0.042257914026766596,-0.2111586769887694,0.003294599590719982,0.008077903034840406,-0.02049161742614053,-0.4372936867483714,-0.6093968552464798,-0.1152658489546095,0.755507036629673,0.4950856246627168,0.08053316250873616,0.08890990696927553,-0.18670504112939051
1123,0.3160096596819469,0.4419531562614085,0.9027518095217796,0.7898073305606996,0.9858409439350486,0.7575056039087711,0.7923770870001042,0.467746430740862,0.05908862027222027,-0.3776861771190303,-0.546227823581373,-0.20819457058990373,-0.12010283658016929,0.16147785092284755,0.10961138667303036,-0.1194916422297387,-0.8430989307576326,-0.7870230420763537,-0.8566269850128455,-1.016920194468855,-0.507755368632723,-0.5541100580811787,-0.5437639552234352,-0.8158842632289448,-0.53520877136417,-0.495487364292697,-0.6221199061347733,-0.49982366226135777,-0.2446306316110902,-0.28944818711283626,0.529078438614274,0.8536930967163892,1.0039527666612331,1.4251003206730743,1.6259881123620334,0.6942226252815442,0.5968205053622617,-0.24591493946405352,-0.6537818148918411,-0.8649140752206185,-0.8134691414195048,-0.4555894401836294,-0.14631352933784486,-0.3333922045885104,-0.18467902852949863,0.4828729349536659,0.02550655102427235,-0.10963737747433794,-0.191027615677399,0.6994946350725036,0.7346939340143638,0.3525828208962496,0.21258332276043299,-0.10292251509189364,-0.4535082319700846,-0.44076274795963777,-0.3576370853776253,-0.40011807719174425,0.19151110964946733,0.06359077443420724,-0.018342333500714292,-0.4910392484188056,-0.6243597754957693,-0.13093317145257927,0.2243612346471136,-0.06293681232986806,-0.4129240743943932,-0.043677480760113574,0.1081772031062151,0.20292576541525548,-0.2859086957570148,-0.48676311569285124,-0.5803456789431133,-0.5958155123102425,-0.19399147806120015,0.1615126500271458,-0.3753855352661204,-0.5450533301259035,-0.23137978624980082,-0.6658600179744254,-0.44268884761486094,-0.45615727542751344,0.035879510352668786,0.33175576725962697,-0.272241909711121,-0.49451643762850556,-0.08181016190277968,0.2333475959627807,0.9734143321176729,1.0203121503227561,0.005221178600231191,-0.5455704836368938,-0.8505628797604242,-0.8271959644271836,-0.9858983146662461,-0.9983600675245605,-1.1228347418313938,-0.5743755387041546,-0.19702366914272956,0.30710241631388213,0.13456078818601616,-0.2549473233941828,-0.5903182005711405,-0.8011402495171756,-0.3831365048535924,0.2968826769229545,0.05121981440095058,0.20660702650970475,0.7357558860561789,0.550430969563032,0.16452826277531923,0.7312521366729892,0.402766221597179,-0.21609567995570877,-0.6122639731029798,-0.5794818343110996,-0.8310347427763994,-0.6512020874161967,-0.20199043133530017,-0.7352949594252555,-0.5152495730294138,-0.5157035573571385,-0.3891247725071584,-0.4169824848512447,-0.5977431523363453,-0.36986027499282464,-0.26400489015520184,-0.45739804475970447,-0.6608729230311972,-0.9444281959764407,-1.5346116321864938,-1.6043995068726966,-1.8106534573562358,-1.431508380489041,-1.063480568098136,-0.6691112726226599,-0.4087186879407362,-0.008225504011172974,0.5430877970037813,0.1738516985737607,-0.13505363278378385,-0.5015282555932737,-0.22425158018519314,-0.28309425852775877,-0.10762230416794835,0.16370546918593382,-0.2751852375099125,-0.32680892275623524,-0.5706356163844301,-0.8782132890938272,-0.5846120669194168,-0.39322320808897215,-0.3896643027935991,-0.8296659895971971,-0.7127011075887991,-0.529522490230557,-0.6184764353828958,-0.6079686695581339,-0.5992733204363287,-0.5866706227302325,-0.5747950407578709,-0.8271506447947241,-0.6639045170890022,-0.3471404043302331,-0.08057542199541673,-0.4296085964302344,-0.6744911119114092,-0.7132499653639202,-1.0683618948162001,-0.9698287901654709,-0.43582533678952706,-0.3542978427189725,-0.5117806021679954,-0.17985346993341694,0.13890229014327254,0.24976556570733044,0.4039003678169907,-0.01812779246540447,-0.4189583233537558,-0.574094010966593,-0.485377464131524,0.03130615906850345,0.08474729344198725,0.550519632039282,1.0507698040943458,0.7645686534564742,0.5351224065182024,0.3560382681819898,-0.1282342242801786,-0.37694395196360836,-1.0260777130572467,-1.2733335165452395,-0.9803333766764911,-0.12833558786151056,-0.06754472140866985,0.33303123663294465,0.6245448813562717,0.6881031192215424,0.5520560584289294,0.4072831756520257
980,-0.3274967235915922,0.1277001532654557,0.23506803854731456,-0.10013985239191285,-0.06788858390370649,0.008537615559812056,-0.2822308062717735,-0.17477116603894893,-0.038522614390669424,0.07980241684682257,1.2879908216496114,1.1900411365957304,0.5119785874163177,0.2402564339230724,-0.247164216470466,-0.5775477406249943,-0.772381492038212,-0.4928117731547298,-0.20022582745343115,0.015316082603383185,0.512280961534467,0.8961247987294791,0.7639424677152244,0.5573823029302887,0.38018810765839,-0.10354771731369838,-0.4838942124487473,-0.7288186041476936,-0.477738273560125,-0.5740886879830238,-0.695076905294385,-0.805769349454843,-0.5003146163373997,-0.579365666405518,0.43738919951686117,0.9499557879496145,0.8539649453991162,0.6247105022539062,1.1695054056860987,0.5755541587404325,0.35558518832092256,-0.14939431074325604,-0.5240057000862728,-0.7516465909403599,-0.8647034481105357,-0.9101725869535549,-0.546994626473349,0.5382804186874783,1.0557514735021107,0.5475570241313186,-0.051978049590553466,-0.51407547048177,-0.7731212283402054,-0.5049549852462172,-0.5849651372436661,-0.6981940275398157,-0.05085619575444192,0.5441910849571129,0.5901561373651113,0.4896521065032411,-0.01841502974355383,0.6914350719790179,0.2862404309387909,-0.1641475825986916,-0.538707874882052,-0.39290329716054995,0.588206126867999,1.0683426245039982,1.6834556617294498,1.704254047566614,1.5958169532291464,1.4755873815519092,1.77448945568085,2.070954162566678,1.531516910339979,0.6060429170511725,-0.13524162365998926,-0.21542504036822074,-0.10273185560789302,1.1763352168883978,1.1409437124883501,0.8734388421990918,0.1916659577246545,-0.35225248597504566,-0.6841698743896671,-0.08829387972139158,-0.23832307816192572,-0.0877390706623104,0.028105876658948786,-0.2644263180252465,-0.5443720416132931,-0.36939146560380554,-0.5265822296348978,-0.30137052650040325,-0.09047960294911282,-0.31473041015933617,-0.18303852676869647,-0.4179819418022235,-0.6316704991394775,-0.4079926602650761,-0.16200485260669295,-0.3492612944248216,-0.5732475635027152,-0.3769591180595536,0.2275044758533265,1.120814865843132,0.6568423439698606,0.4332769633734965,-0.10901047576326772,0.24617370173002273,-0.08087701023726246,0.7278446607239262,0.7133111793477507,0.19832657984575486,0.8351852795681776,1.4888482323695396,0.8608966442631802,0.15548688085254542,-0.023536510601011196,-0.39156806517844717,0.11790257737810672,0.25298039926591087,-0.08367285002828548,-0.060129256888494964,0.3887614605184436,0.42956159817399375,0.7657261938395157,1.0245037955534644,1.571765798124423,2.3743540021563376,1.465120110034071,0.8744372882616533,0.46852923047310613,-0.10231927199809154,-0.11886877116193462,-0.02485153530025025,0.8380213633959309,0.8217777587480328,1.7815237818497802,1.4478820622884196,0.9954167012178365,0.9853748904685792,1.079533675063124,1.1983510018534385,0.9045931270816303,0.2341389450762399,0.44168814935633627,0.7605240162870676,1.0458665018098154,0.4679617633542379,0.6382129893609381,0.11929958358676607,-0.32709472648816224,-0.26301400736030955,-0.1055973338379322,0.046097980793514015,0.14229566287936973,0.18643151910571018,-0.17617467234870793,-0.5056441070138452,-0.7339688426320105,-0.8564978926976796,-0.9076284330439461,-0.9242280891247272,-0.5506187084714893,-0.21803215156092137,0.3887987233184435,0.08925465647063457,-0.2972896295982467,0.13927631080009745,0.23831190073092268,0.2783662868692868,-0.11215526982998444,-0.473530636719791,-0.3443327742338136,-0.5198410253913266,-0.2999711099524043,-0.46803255405995825,-0.27033698429488073,-0.45658313646349397,-0.2670931221112727,-0.07807699720229423,-0.31135980803755053,-0.5601452494818974,-0.37346177599959063,0.2282041841273259,1.1209416057813095,1.034648774957061,1.1444963994834416,0.8313601441770196,0.5535872496997561,0.7442603607948484,2.111518335544368,1.7877110140110881,1.2502395727819864,1.1269150968074846,0.7611900797732237,0.12846894474668288,0.39119238266278317,-0.012453019315191716
1176,-0.4269796292061725,-0.4474442317801607,-0.4530058076510278,-0.45416034340242045,0.16902037646908807,0.09577013891744068,-0.07626441413900248,-0.2519844164601782,-0.3700028263111187,-0.4269796292061725,-0.4474442317801607,-0.4530058076510278,-0.45416034340242045,-0.4543694673976517,-0.4543694673976517,-0.4543694673976517,-0.4543694673976517,-0.4543694673976517,-0.4543694673976517,-0.4543694673976517,-0.4543694673976517,-0.4543694673976517,-0.4543694673976517,-0.4543694673976517,-0.4543694673976517,0.7924102203358276,0.6459097452325331,0.3018406391196468,1.1971803222107746,0.8146430274055991,0.9800101593693451,0.5143907120273696,0.09519618752731138,-0.1967864920867572,-0.3561523550761367,-0.42425230971292466,-0.44702598378969816,-0.4530058076510278,-0.45416034340242045,-0.4543694673976517,-0.4543694673976517,-0.4543694673976517,0.16902037646908807,0.09577013891744068,0.5471254297277373,0.29815518985491424,0.008102226947530544,0.3987952655980408,1.4338417033549442,1.0527682964292855,0.5113600496698426,0.659520779177192,1.538882071010697,1.7091095543583719,1.0695794273538186,0.4158087723109566,-0.05544304810517042,-0.3082979143106692,-0.41176549822456654,0.17888205557505818,0.09755204665452716,-0.07605529014377119,0.3714054274065616,0.18013678000397368,-0.04887457594752323,-0.2450591808426872,-0.3686391665644948,-0.4267705052109412,-0.4474442317801607,0.17038403621571196,0.09597926291267195,-0.07626441413900248,-0.2519844164601782,-0.3700028263111187,0.19641021466056732,0.10269537453493172,0.5484890894743613,0.2983643138501455,0.008102226947530544,-0.224594578268699,0.26031225317311213,0.1245236368555439,-0.06913005452628015,-0.2506207567135543,0.2535961415508523,0.7465498209756598,0.48080042779358095,0.1274842965450949,-0.16740865137841396,-0.34261298811963947,-0.42005439358868146,0.8006991156999426,0.6474825289743883,0.30204976311487813,-0.04959936552270475,-0.2856361852245857,0.22380005285204657,0.10962061015242269,1.1732425930877248,0.8487130441604693,1.0095971240729198,0.527930078983867,0.7227839475182942,0.3542985259844967,0.022161822177743873,-0.22186725877545116,0.26073050116357466,0.1245236368555439,-0.06913005452628015,-0.2506207567135543,-0.36979370231588743,-0.4269796292061725,-0.4474442317801607,-0.4530058076510278,-0.45416034340242045,0.16902037646908807,0.09577013891744068,-0.07626441413900248,-0.2519844164601782,-0.3700028263111187,-0.4269796292061725,0.1759456120865791,0.09713379866406463,-0.07605529014377119,0.9947952712733011,1.353666230185806,0.8793700836262185,0.3354309233534355,-0.08188747454048832,-0.31501402593292893,-0.41312915797119043,-0.4447169122869129,0.17080228420617455,1.3427589506461515,1.0240147984911823,0.5042256900571203,0.03476727556382825,0.36514349683363323,0.15747505091789027,-0.06105028315739652,-0.24904797297169917,1.5005849532795634,1.2234391897391046,0.686870927995787,0.15414934516139261,0.4223294237239182,0.17793965349187846,-0.05548870728652938,-0.24789343722030652,0.25401438954131494,0.7465498209756598,0.48080042779358095,0.7508741404118346,0.3827309549366785,0.03549206513900979,-0.21766934265120796,0.261675912919736,0.12473276085077517,-0.06913005452628015,-0.2506207567135543,-0.36979370231588743,-0.4269796292061725,0.1759456120865791,0.7205236425308044,0.4740843161713212,0.7495104806652108,0.3825218309414472,0.6588819090057496,0.9558601075306243,0.5665307286267379,0.15508325873180545,-0.16048341576092293,-0.3412493283730156,-0.41984526959345014,-0.4460805720335368,-0.45279668365579656,-0.45416034340242045,-0.4543694673976517,0.16902037646908807,0.09577013891744068,0.5471254297277373,0.29815518985491424,0.008102226947530544,0.3987952655980408,0.1870620156214647,-0.04751091620089931,1.0019296308860235,0.73164004606569,0.3294396013063574,-0.042674129905213715,-0.28427252547796183,0.22400917684727784,0.10962061015242269,0.5498527492209851,0.29857343784537677,0.008102226947530544,-0.224594578268699,0.26031225317311213,1.3713033245890234,2.2779288458373843
1177,1.1094992982741543,0.7946009914891854,0.31592376513676146,-0.38647785649276034,-0.5976344287728614,-0.9179304613107779,-1.1299855295559014,-1.2613125832557368,-1.3313726919911806,-0.4851921095148897,-0.3062633519743527,-0.0008769805952237864,-0.10559733973531266,0.0347466652360896,0.16964509624874877,0.5677350264965882,0.30483658902891836,0.8717862874509066,0.519297411999196,0.12998781501903722,0.4015275658710221,0.1446230729970242,0.18956652181567668,-0.039408082698150715,-0.23865835053715212,-0.3760318042750105,-0.450813735545388,-0.48272754749923286,-0.7855403924279762,-0.16973458083180287,-0.4504499238553241,-0.20297391505446627,-0.26606924068349647,-0.056114985099444015,0.13084525257302132,-0.3214238470721672,0.11243302477072492,-0.021224221517202435,0.984173888933864,0.9928812955737996,0.5398624325214162,0.08289023370015337,0.34638075554074527,0.4029849331158724,0.14136905731018817,-0.12415952351601509,-0.029752076952099984,0.7026990974211393,1.0573968862982999,0.9418687880233236,1.024540743425955,0.225068904314985,0.10754071553353622,-0.4430890963408206,-0.2797505178110067,0.2538564212995117,0.13515952295375877,0.21595682398913754,0.856584361597453,1.1272755800239118,1.2578615057650737,1.2885504853278757,1.279960230842136,0.39173899113498667,0.1966788839796523,0.1788592777070573,-0.04387223895366818,-0.5228461054399759,-0.33300388220334565,-0.6577595221836262,-0.3645279205961245,-0.6492672698756331,-0.6448681788934144,-0.6090379416855016,-0.2702376475677259,0.02370645922980827,-0.3641081316313922,-0.19318215644804126,0.30190016328112385,0.4455475681154631,0.18674408679647397,-0.09937553885468131,-0.6047364666534003,-0.3946012708808169,-0.6884933242922667,-0.6676848860947022,-0.32575087636632044,-0.5992137507095958,-0.6074088247274512,-0.8815592041792021,-0.8126659114896024,-0.7012757031477495,-0.6013738701000564,-0.5389846409538608,-0.8023585877323929,-0.7579977728952665,-0.9668129317418207,-1.1417368543841404,-0.6792430042102081,0.35252075071428546,0.6083036066022411,0.3343802355014853,-0.3038996494292711,-0.53224827856818,-0.009200266949748459,0.23919378741417607,0.3732197812588315,0.4080895310598299,0.40107454532314996,0.38971747923832073,0.09177317760880277,-0.46004944779173973,-0.6033571931016076,-0.6176784071338526,0.009413442218485446,-0.016769914723820667,0.42972483286961205,0.7896060941074008,0.7437438513751427,1.2070385676809514,0.7290423725023786,0.5277427555223048,0.1173990291039165,-0.1804339796224782,-0.35877055885160314,-0.44673329030639747,-0.4819904908470025,-0.7854423902502297,-0.4618749553329126,-0.41612252497134733,0.16978734098892279,0.36623211011282275,0.43419727766136285,0.42958258812943806,-0.17745248751327275,0.16741200927638528,-0.29674240506938887,0.14606260737575516,0.3008003069169096,0.0907321531526772,0.14580552107975012,0.22014380375768047,0.585587535179344,1.1861253284600637,1.9383496912191436,1.6010230486974937,1.141665539402467,1.0499874299436602,0.49470341752613145,0.054379052509515836,-0.23968585591168834,-0.6909766194532061,-1.016846804728787,-1.2167590234142125,-1.3174548351545337,-1.0660314677526026,-0.8212502487341351,-0.9394439155694047,-0.8109114777631342,-0.9829920725717536,-1.1456212952676377,-1.2642608098646582,-1.039624326201057,-0.8116598828999761,-0.9368375836348748,-1.1025107999675068,-0.9485666715100303,-0.4807196647231389,0.21013426555101383,0.43564635636997984,0.19411870982005922,0.19783170612260628,-0.34515221793171436,-0.5091065011880821,-0.2670834553326559,0.002426245893777837,0.49657832074802527,0.5734687408592221,1.123551540369003,1.2795901483050485,0.7402618552945879,0.5033082798475781,0.08933403641661897,-0.4895871341964677,-0.9157079428694754,-0.5916632651350673,-0.4966567528204916,-0.4505889175767478,-0.1615905388901323,-0.5076150437218317,0.3079101446293525,1.0731789707420631,1.0455480341136156,0.842617357934726,0.3317162763406613,0.5139871535613396,-0.09127247457365972,-0.6284825976160321,-0.7238659829809275,-0.9777657225914618
913,-0.5527707983925665,-0.5527707983925665,-0.5527707983925665,-0.5527707983925665,-0.5527707983925665,-0.5527707983925665,-0.5527707983925665,-0.5527707983925665,-0.5527707983925665,-0.5527707983925665,-0.0012105271243501026,-0.06602056740964629,-0.21823258318897615,0.17785487583971704,0.5601852693927171,0.29275151482196426,-0.0330398990807584,0.2537069745684058,0.03304389301056715,-0.18787143501680534,0.18518869017840942,0.010016559177088713,0.9093068542335231,1.157482618949708,0.678907961726223,0.7158773888934411,0.2684632477668655,-0.09391275040424693,0.2145283330140847,0.5687256169259511,0.29432810373259854,-0.03285487122271215,0.8052672458366221,1.0713543952617037,0.6334170111697051,0.1472320370778505,0.3285375679605991,0.057277760038587366,-0.18174415387265475,0.18639522337295117,0.010201587035135018,-0.19381368830290968,-0.3675781142843487,-0.47691869966387773,0.5747686390299327,0.4268569447174245,0.6690724364773722,0.8438555376447507,0.9693690501304544,1.047611056082268,0.5344831785804594,0.6136855899945581,0.7699818762450474,0.37473089469480364,-0.0074144710001501635,-0.2915409876976137,-0.45249980477781127,-0.5222246223623495,-0.5454369840538741,0.00018103392823792808,0.48572473171661634,0.26851764779394405,0.5123930910433074,0.18769040108856783,-0.11935315062680893,0.20821602401188788,0.015958812463193084,-0.1926071551083679,0.1841671848419139,0.009831531319042464,0.9093068542335231,1.157482618949708,0.678907961726223,0.16431711762522466,0.3332732880521616,0.0582992653750829,0.37000114525360794,0.12158518308765504,-0.14201042874419484,-0.3492865005424329,-0.4719979517142689,-0.5273303981700045,-0.5464584893903697,-3.9939298083213615e-06,-0.06583553955160004,-0.21823258318897615,-0.37370539542849934,-0.4781252328584195,-0.5285369313645463,0.00491675401980049,-0.06481403421510451,0.3335127159372865,0.11304483555442085,0.9595335248816036,0.6240289335653613,0.19707847869291173,0.9339209502945625,0.5763331036437648,0.7175401705334127,0.3045498286648355,0.4850318855366177,0.1618826253265538,0.42022781590168845,0.6912520402397411,0.3496605501883342,-0.013726780002347005,0.2588127503760609,0.03406539834706268,-0.1876864071587591,-0.36637158108980694,0.0748265994623849,-0.041601672523579825,-0.21210530204482556,0.17906140903425882,0.008810025982546932,-0.19399871616095593,-0.3675781142843487,0.07464157160433865,0.5099585987446366,0.27464492893809467,0.5135996242378492,0.7394357002148304,0.3673970803561113,-0.00880603205273818,0.25983425571255636,0.03425042620510893,-0.1876864071587591,-0.36637158108980694,-0.4767336718058315,0.023208367761716364,-0.05989328626549567,-0.21702604999443437,0.7296001749659796,0.4953752291074209,0.1405394990426343,0.3630475599479348,0.6360373681214058,0.31717040970803073,-0.026912617936607805,-0.2966467635052688,-0.45352131011430674,0.029150621047820707,-0.05868675307095389,-0.21684102213638812,-0.3735203675704531,-0.4781252328584195,0.023023339903670115,-0.05989328626549567,-0.21702604999443437,0.1780399036977633,0.008624998124500682,0.3575615551072605,0.11917211669857147,0.409179786807929,0.13746373044048732,-0.13745973651067855,0.20329527606227904,0.566497578394914,0.8455183192847224,0.453895359760208,0.03668491850377978,-0.2746409350082859,0.10379618658196765,-0.03445288604293367,-0.21071374099223752,-0.3723138343759113,-0.47794020500037326,-0.5285369313645463,-0.5466435172484159,-0.5515642651980247,-0.5525857705345203,-0.5527707983925665,-0.5527707983925665,-0.5527707983925665,-0.5527707983925665,-0.5527707983925665,-0.5527707983925665,-0.5527707983925665,-0.5527707983925665,-0.5527707983925665,-0.0012105271243501026,-0.06602056740964629,-0.21823258318897615,-0.37370539542849934,-0.4781252328584195,-0.5285369313645463,-0.5466435172484159,-0.5515642651980247,-0.0010254992663038531,-0.06602056740964629,-0.21823258318897615,-0.37370539542849934,-0.4781252328584195,-0.5285369313645463,-0.5466435172484159,-0.5515642651980247,-0.5525857705345203,-0.5527707983925665,-0.5527707983925665,-0.5527707983925665
955,-0.29861109761849447,-0.16750769577889263,-0.2696341598731025,-0.10300303351615274,0.8612849701176061,0.8762844458320617,0.7149213041851763,0.24328307689355255,-0.13961718593313052,-0.3753652598291779,0.59274214992899,0.9628713196723895,0.5872936685589962,0.6707321004297223,0.24920569859878142,-0.10151986783395356,-0.33899820036748896,-0.19832236379173823,0.7956826448074706,0.5747558052240545,0.19487883296033476,0.10816857924038521,0.38765676661333065,0.14164928465762788,-0.12184723581767565,-0.33572199427593685,0.07606708081546495,0.22431839349906785,-0.247468691577637,0.36338430428095436,0.16290465280058253,-0.3561669365850957,0.2671423495997035,0.3743304965299459,0.3966438287846059,0.08774677897760266,-0.46942464645662585,-0.9023293662471564,-0.6258097846311659,-0.5470342184738787,-0.23640934910868122,0.269338946855268,0.38342973492256727,0.11256045623603937,0.36925665284556264,0.6414922469127613,0.5891748385046702,0.2105838931545873,0.40782406276077277,0.38313212227310245,0.353448631793155,0.04709812327380866,0.3200904406084793,0.34652147765635444,0.07104478879558343,-0.19463845286367842,0.15542115881543644,0.25860635807399507,0.5754703579611645,0.5414567007700817,-0.09225190347272036,-0.3889714114752418,0.54649751419405,1.1927871757920854,1.3451600525384055,0.7629473998960175,0.1853996582491061,-0.2179165403974734,0.1114055483050575,0.23269578674956776,0.2951140289770881,0.5705104776688581,-0.018189793841262014,-0.31280900522069033,0.056675026662298886,-0.34202312611123453,-0.4700762272223291,-0.2735426923872626,-0.32804176746191666,0.1414251555223407,0.008881885153961822,-0.45801323656821563,0.20950799539708714,0.8893675411746369,0.8650445628101214,0.9545246156768996,0.7242220846682594,0.5174552225764599,0.10871015694796013,-0.2027301578304379,-0.6676980736346944,-0.463281685449878,-0.18910199924145393,-0.5021942755647941,-0.30267868094158135,-0.09262715259544324,-0.18996341076264406,-0.32084873621614907,-0.16386557494398177,0.004984045830101216,0.13727778456397144,0.4847365406982537,0.2162186756742538,-0.08587260118756307,-0.052770739104940664,0.5885505249401172,0.8983279223228096,1.054809665939628,0.827054806093114,0.3139951990527935,-0.3693473102207973,-0.5947461021826743,-0.6462581761648469,-0.34839355355331914,1.0086423221519933,0.7961828470723092,0.8958946246693577,0.6726824795705162,0.48181360729770273,0.09045237107418641,-0.2096982877081045,0.6828892905903412,1.0004831200377267,0.5994081657614035,0.13279182007541193,-0.22766532829408895,-0.7001022776839068,-0.7533783335266431,-0.16510307197098054,0.9228181931518316,1.2372485308005747,1.2881329524403216,0.40617416245457627,0.15477365043191266,0.09706541541657154,-0.1252575945622959,-0.3028175381860301,-0.15981489069969929,-0.5353696632810631,-0.3400942495699982,-0.38445472475789694,0.10414336487292769,-0.009786159245878223,0.887518419294908,0.8601255685064768,0.4203278083106282,-0.010791664406769458,-0.3100710856915757,-0.465102052212259,-0.2558330738873182,-0.3063355532048835,-0.6559249834048889,0.11029889566445306,0.038288139886442196,-0.13414521041708594,-0.05005339357751726,0.8689026195222302,0.8718248175804495,0.9818867244377263,0.4806938027584313,-0.24637727679841767,-0.7968811359925504,-0.8555285502803326,-1.0436247272969397,-0.906640439833239,-0.7617387990996675,-0.38245484053238754,0.18912086675406564,0.0785329147414425,-0.13755566405376965,0.20226469101069897,0.012039906306973658,0.07501066232388695,-0.3999750015168057,-0.8211155757848608,-0.3004345161357756,-0.28225725297941395,0.20738634482384838,0.057362672836653084,-0.43388008401400663,-0.863774629489183,-0.333662702657679,0.24102218217024068,-0.13358257416327654,-0.6031977268849813,-0.7190874628494889,-0.9794633359851086,-0.884506223107854,-0.7559099271037617,-0.38127132862012336,-0.081215742707033,-0.1601984766830587,-0.031115082999515778,0.6236898184590386,0.3782381789516378,0.31502682292171724,-0.008027063854552485,-0.26396145270217203,-0.6943797474434974,-0.4724344829883979
1213,-0.47959965302503454,-0.06593223016684674,-0.04694921141455019,0.07894562324700649,0.613414794792553,0.5992640066459447,0.645196644306103,0.20104391658412563,0.26411665104916404,0.24647432319116394,0.24665319969277194,0.0905791156727961,0.25452932596634914,0.12044532653255306,0.13673613726660067,0.011068170047625253,0.2098204368324442,-0.3574372673228565,-0.7329341447399474,-0.9790933867445271,-0.3344489187653831,-0.31324174918759373,0.5180786626515657,0.28643755770467766,0.09126097354754409,0.22425577695107682,-0.21661066742631435,-0.30437328020187077,0.14187744861608986,-0.0382328130146625,-0.5754450029470258,-0.7435596872793673,-0.7882728184727245,-0.9153909532054004,-0.8608605688774629,-0.6435704090216672,-0.7624463303004132,-0.7552079329109777,-0.4358683234880539,-0.7582276819609943,-0.7903400081992634,-0.4772050060471379,-0.02256467966850076,-0.12979654770177984,-0.6300849779679033,-0.3153775690368123,-0.3974882258846334,-0.030787118855413853,-0.17373021525737736,-0.2109533748775821,-0.08529328515132215,0.04301616175723554,-0.3186457573169096,-0.05739992934204907,-0.07850943414552974,0.034091656601823006,0.27473311206972495,-0.4510485035341082,-0.6790616713003165,-0.9208305957365164,-0.7444412647454387,0.0767509939231282,0.164398022256723,0.3902822202175479,-0.23874689913192548,-0.5254044760722155,-0.5197353111352329,-0.7313309867029505,-0.5988035043326203,-0.6076107985317473,-0.9359462454219061,-0.9263167488097291,-0.7086715064039245,-0.19211420290122672,-0.23424050926707896,-0.6827708996471069,-0.4895347423516522,0.07221388381601607,-0.04418502138341815,0.5067407800650047,0.21028452715242785,0.017669170903746423,0.026640632843297818,0.3930285549214126,0.11796388912162631,0.11350710559920416,0.2849318947271021,0.6079727315794818,1.1729924895330754,0.8391365828688493,0.12205796970726376,-0.17675964135333241,-0.4431187403082226,0.03170840338694103,0.20093954274025994,0.119688629323739,0.29135901816723747,0.6005396396387015,-0.061532413394981667,-0.4007804123841182,-0.14652542315304434,0.02493074751185262,-0.1527329373135939,-0.362962686166693,-0.07370767261554131,-0.07308253333084447,0.045482677354339834,-0.17590335810017316,-0.699450494063511,-0.8212704092496776,-0.5182013320625893,0.10641234696913689,0.607244675874765,0.4581304224784254,0.05063904453273092,0.0007519591373917472,-0.4122114877893973,-0.7389848638236349,-0.8050766678595229,-0.48368475679894285,-0.47822468294621273,0.08120811788006621,0.5508160394404246,0.2581835834461954,0.19641987951800804,0.16840858642516104,0.1795197413018294,-0.562018018072444,-0.30361689859760554,-0.10382117944298525,-0.3870746971951704,-0.6896859507510344,-0.6210925057912279,-0.03050141351454383,0.04077800859146716,0.14623668845166918,0.4938298093227947,0.17047616596263868,-0.019865489095957672,-0.15026375640112694,-0.3648033132790504,-0.518536841035609,-0.6138475875600875,-0.20426822268458825,-0.43122700407052633,0.37071971684699706,0.17423287312120467,0.4884902997572095,0.6036660285814818,0.5120514553780654,0.40004907664035017,0.6165742744346272,0.529152959940042,-0.1888822560856448,-0.363448760338007,-0.5421680130108713,-0.6257534505008587,-0.6624238273062842,-0.3738731204349115,-0.11198512400067434,-0.8467461707894282,-1.0991932723798934,-0.7510246549912798,-0.505434332425639,-0.6397528094639953,-0.8309428866378138,-0.8410128896517967,-0.3442596796491552,-0.6534374485215183,-0.09699864045534151,-0.5023316448337471,-0.6297849045767837,-0.7002048518849218,-0.7165619826796988,-0.5557194017517277,-0.41107911717874823,-0.4662288578214353,-0.09123981340903861,0.24177513254867813,-0.28716639469160854,-0.5260383739781582,-0.6641264969222245,-0.7083261240073416,-0.09633705885232641,0.29912502099704785,0.23446212451918638,0.37789443458259153,0.037233211002008076,-0.4278459595296016,0.43990890676607364,0.08222074601184448,0.25439803690689256,-0.505997566919635,-0.11728497351618994,-0.40943086212996044,0.07371374866970093,-0.5461938756554845,-0.5545614029873475,-0.3286702842636775,-0.5489282048250477
1442,1.3149903014223803,1.1396503055552318,0.39424240319130166,-0.2758829453227,-0.7111764825125182,-0.9259978794303341,-0.2556653648436272,-0.3687319955067335,-0.20596208339792363,-0.08710387988121601,-0.37775261171279734,-0.28016262899929595,-0.1501051770341817,0.34205064666067864,-0.004415239979363161,-0.02907933086071457,0.7337225635970832,0.30720713981130005,0.1812838572856434,-0.2811132699117228,-0.6405853186142254,-0.111145568481752,0.4410742113434474,0.47608515648369515,0.7500459041166014,0.19944759976725168,0.05003156008719806,0.00511773303685753,0.025059897074587625,-0.318297313231559,-0.6291424774101011,-0.47222107627762744,0.11661525022745789,1.0028189663705804,0.9163055193038139,0.6493074032211393,0.005380728292124937,-0.4994871234929025,-0.05547175784281397,0.4585558563055024,0.8566653501754844,0.3303817044412073,-0.23632566870675273,-0.6605274826519555,-0.14406230010371407,-0.33268909660907964,0.17936878042740628,0.24672912605094904,-0.14927847779172765,-0.15800436534968307,-0.09918203652878435,-0.3939649139848256,-0.28808244868264793,-0.15263901114054906,-0.4110678814107693,-0.6686626423744373,0.6432991304629538,0.7330399172661957,0.9784526127980058,0.7223718139021015,0.07542293692928095,-0.4501642945055977,-0.030076307828194093,-0.2842997902100497,0.1953304594228889,-0.12549101580421995,-0.4805159701606081,-0.7623737636627502,-0.5534008884532491,-0.6731097367205519,-0.8030469774710828,-0.9160767077672172,-0.6124316291045259,-0.6912882517432077,-0.43120551315202504,-0.20856527347022794,0.32399835748339306,-0.008847717588414128,0.7226454570895313,0.26889568851709034,1.272564507159837,0.692903749065181,0.7876322446529143,0.16424245520883518,0.009321234627254371,0.35764241676228914,0.34768069969951504,1.0359599089859877,0.48862690684883664,-0.11303305685472259,0.9201096599683752,1.2193939661963489,0.5926761554500093,0.6713587650381966,0.07484461620503069,0.7137382784059697,0.25040187898967536,-0.24171740006648557,-0.6381906306650832,-0.12595135432900234,0.42803105862123053,1.2222977330115858,0.6595297810735804,0.3675993112364543,0.9223869692114648,1.5075382293846764,0.8227271252170848,0.07662053617406389,-0.12510894621626512,-0.12462153842305923,-0.04036480750244201,-0.34230503775576404,-0.6357301115894081,-0.0973408744707207,0.0721494448834602,0.1464321764698402,-0.23015301775471428,-0.5867056145866945,-0.08106100295074842,0.45260341272987903,0.47931586065066345,0.37446883224909366,0.24378717926587898,0.5301444080598297,0.06696779796431662,-0.3838178277538285,0.030517381063774635,0.5004220749136785,0.49515131380077565,0.0022486903939247516,0.6650975707532158,0.5898961862964662,0.06919231050050965,0.3339017606658884,1.4103421356201642,1.2226741539936503,0.8548552500057431,0.11752975652187858,-0.4515422354637325,0.33663763723540685,0.04212236079707654,0.42158895176208105,-0.0037771705244671328,-0.05344511357247245,-0.037506910249076486,0.011061407970241799,0.8069151308496874,0.7426163592819621,0.9206522747709491,0.29082442782525986,0.0892992733607933,0.018419352080602386,0.028543052932296795,0.4349474406852593,0.41137886691308173,-0.059991065470226555,-0.49545501237405665,-0.41806723160526177,-0.2424294984293366,0.2987906879313006,-0.019427597223503956,-0.40928084701639256,-0.35170900443995734,-0.585261944814103,0.35523011303158997,1.5928640065457924,1.0257217947243318,0.2562651315428354,-0.394298661195819,-0.40949459374096375,-0.6290249785107673,-0.7924700896072892,-0.9140518384191629,-0.23590523548567638,0.017046278459752734,-0.24719718457495304,-0.19024591586513803,1.021405963264292,0.6005706590277872,0.39633014631759783,0.5901097217363982,0.45003607030838333,0.31749053969099167,-0.16681602533975695,-0.19143006172995836,-0.12071565314958377,0.3495876025913275,-0.0028952740127907717,-0.40510082109808243,-0.7271598504620946,-0.9171963072435845,-1.0018133949830648,0.4745239780716241,0.2901336075279479,-0.12674198261671643,0.5775737171540047,0.5362671055454808,0.419247706508027,0.2798699438265959,0.5511690599223158
1051,-0.067126141326769,0.22929415304349154,-0.045949353899681133,-0.15170835067347324,-0.21409303533512228,-0.4155834328010036,-0.5748105983561713,-0.8611728884730206,-0.8959690143070103,-0.5074100811808444,-0.3255900117069882,-0.23340340307457813,-0.20950422992332557,-0.39447015773020017,-0.5612466551484133,-0.13144722304107456,-0.43629746126961144,-0.4086378391528656,0.5453645767025608,0.31392079182500127,0.1283660852114649,0.12736829824353904,-0.005216519235177866,0.44218902334340626,0.4957698182765555,0.8315135817954684,1.091202439183149,0.5365902634885186,-0.3738767723090648,-0.9129081544290555,-0.8327448119863231,-0.2533549473495339,0.08344285634808182,0.08046702102498669,-0.02022557656806591,0.23920987926926773,0.31464823621928684,0.3469194911090638,-0.19761311603382248,-0.6890677247426096,-0.12222708980429442,-0.04681440437848322,0.4914162549627541,0.5489679079145627,1.223227704665044,0.8788235644453256,0.8232457227208873,0.43750240838697707,-0.050183592599209015,0.13743810348612506,0.04395073915481934,0.13443071783520555,0.03172625458632755,-0.2548648191052435,0.4118436813417925,0.3320316191248396,0.1637450855366537,-0.012692709369872962,-0.13500196046414453,0.16655673722984704,0.2828552635518796,0.5176603821566919,0.1406987307302645,0.12326416720465033,0.16357011362588955,-0.31578536534209567,-0.3822377477824083,-0.1841684199094698,-0.15193716657709755,0.026117934948976268,0.16062877177286616,-0.11597533058480589,-0.028350399199638804,0.09076208765755087,0.018231287379295573,0.29082018643389995,0.7150985493459614,0.5044899977066213,0.23122153385834932,0.7265511431785088,1.046836368632027,1.0833387396880982,0.8466595783406496,0.6107540601839998,0.6294051768596705,-0.01847989816422263,-0.2185834517107614,-0.6517808433733812,-0.7837551766164965,-0.27333929188315964,-0.5068509534004233,-0.43637455825220695,-0.5497104166644371,-0.6469996142101204,0.012229919592157024,0.07290834061457091,0.01743292020703524,0.09883604053869195,-0.0022390133915921387,-0.27525280254666007,-0.13982435908289767,-0.14986152430571384,0.19586319668897426,0.13042251055572038,0.19221013092602154,0.23898500839328984,0.2758616745153907,-0.06188140463948516,-0.18805988683405184,-0.4243272804479145,-0.22838019561739065,-0.3707118888576473,-0.15863499911537648,0.03830569997312319,0.0015880951565326942,-0.07547388959783127,-0.1485136428042395,0.7106937504998813,0.5831561444717721,0.14494367906254862,0.09020009020231033,-0.41505460349978196,-0.2731660823774673,-0.42205864158013173,-0.3744781986869043,-0.31926998506656107,-0.45511696641787996,-0.043351509466109966,-0.2034474865252533,-0.04505710027859733,0.2793861551188868,0.5483158720466665,0.7241153594876122,0.2704600841797159,0.7319504986607481,0.48813180541061346,0.04326483768160061,0.20831361935857942,0.07930715151076437,-0.2149461290154791,-0.4654994811895463,-0.45251127954316606,-0.561010713950757,-0.8270779006877245,-0.5055440378859568,-0.5350292930185383,-0.2388473505741504,-0.7173570394421604,-0.8283710291362574,-0.858002948036948,-0.8348159324795505,0.10312343674839886,0.017340501859075763,0.13817361471760037,0.024049777297317665,0.45627727669962986,-0.04458555318796037,-0.1914397205508287,0.46300583378524096,0.7336787676587072,0.32755653287372977,0.7840195341675888,0.3355851678503049,0.4376344483295798,0.037704400679634265,-0.3097947760236585,-0.37117665718932086,-0.16417704134689828,-0.13353582836997635,0.5800692513195469,0.10112709567630018,0.459692172087952,0.45799272831574483,-0.11593353714895215,-0.2756667497441629,-0.13954641325059913,0.22484393823132184,0.5305369626102003,0.17866340650259113,0.516249411034239,0.3179096416765157,1.0174174706381987,0.7457083051021496,0.9373333003044952,0.7517045538977235,0.21102896772097163,0.4850542751948084,0.10556995779993156,-0.2452883423620728,0.033206347277583204,0.17535277994324258,0.2742042106456726,0.3160449843939557,0.8674169088345448,0.6205320293574235,0.30865842463663823,-0.13619000773918116,-0.45782980586230926,-0.0986493183139932,-0.6092044748109027
1414,-0.4332973927842115,-0.3797641097207155,-0.7507563535703923,-0.2954802719794869,-0.6276042725418998,-0.7769442162805745,-0.4813081296023608,-0.5755977426650115,-0.2998851286954497,-0.45897564108603844,0.551774506610328,0.46261076976052323,1.0167112163540661,0.8663921082980811,1.0451734510150814,0.8087502948324177,-0.01571141141495913,-0.11218657043132879,0.1571665713124863,0.26050698423747853,0.3045261267982262,0.4983275511776017,0.6551973745623074,0.563862966693246,0.24829227992057032,-0.22186506703153563,-0.17639339784545852,0.5620573023214386,0.6334914580073805,1.3564358390104043,0.937920300038121,0.44417868878361355,-0.15079135424145962,-0.3615935123751775,-0.6106582742475567,-0.7662268880800565,-0.8588037335731344,-0.5089838974295559,-0.7755948590752982,-0.4708863942135674,-0.576809491567743,-0.9054051053107955,-0.7939318691712343,-0.6335558289050263,-0.09192951681281136,0.3497424749782372,0.6330649516971927,0.3787756863719771,-0.11394903612104863,-0.3137582820009609,0.2137237655640904,-0.05243643692562894,0.025548321731594548,-0.0974835779454947,-0.6018791766506228,-0.02921500393789611,0.170838665077189,-0.3202299296631014,-0.4272220003933684,-0.2526607898523093,-0.24332767760231205,-0.25720509735230035,0.3091937929469354,0.8088982020056794,1.3550200501446996,0.9224103432619715,0.6186681312200113,0.6009468031161012,0.4732833381466961,-0.012909817022045383,-0.22695836529141655,-0.13103851644264408,0.21756063759278077,-0.07886946251407076,-0.4128187368514048,-0.6795384902022735,0.1589446485914333,0.5696623485264982,0.40033787694626044,0.5226554847577347,0.039494862445663526,-0.38569331992683226,-0.8780841460348803,-1.0144441102546082,-0.4305480617581662,-0.26834862813098653,-0.02660289765976967,0.118509109706743,-0.20100952253931934,-0.1154592297897434,-0.18820977535487415,-0.445052258711666,-0.46548874800769025,-0.8366548637569515,-1.1457241310198902,-1.1556460719831123,-0.6943324212676913,-0.26985324328161703,0.6177463319278368,0.500638371619874,0.22195561706995773,-0.047574397014104736,-0.22041850339697017,-0.10192789264164004,0.04554271732915204,0.15875304005417337,-0.3754064478287147,-0.4776353436403373,-0.8779250597643536,-0.7813258836376837,-0.8216564299223883,-0.6583173370356299,-0.11897045082291263,-0.26921403690919193,0.09389701723977223,0.21078218509302513,0.6627697352304607,0.6277073265049647,0.7116569302790023,0.37054695626221196,-0.13783277505129982,-0.5278884234676054,-0.7642678277448475,-0.4794915664595,-0.17107329566442003,0.05755890296713437,0.5819762955431987,0.7875910427467574,0.47266122770413,-0.06486484935398794,-0.09376485089545253,-0.39988224974493425,-0.4335222967689657,-0.6149278172733181,-0.5596367426020427,-0.8777718540499136,-0.5624820557414096,-0.2340926244449394,0.01856247188648824,-0.23275444962991218,-0.5189580266535655,-0.141020966043893,0.06353212551130732,-0.39987161729820553,0.3234128184173649,0.628911574009368,0.6074768950357889,0.2959249400582038,0.6019805430254211,0.3381450812096997,0.07615018202931262,-0.32898622237388153,-0.43009215051149247,-0.6316038368101,-0.3731187377225853,-0.7074437708088421,-0.6423911261779868,-0.7436862597451223,-0.6257765669771527,-0.3076643906233232,-0.6414080050895629,-0.7992925564736042,-0.7006899866247935,-0.5639987807136697,-0.24970414929936896,0.19298512920891522,-0.07826714899340559,-0.012069588347000115,-0.327083644639617,-0.1965036472821237,-0.22624415911830792,-0.25940835737114487,0.1047501305629026,0.03290662978396011,-0.09017548383614751,-0.4065550663441199,-0.06184898910125547,-0.48855550414709825,-0.9068380384043405,-0.6291847813943156,-0.28930012958726026,-0.010925143469432796,-0.04489892905613227,-0.5455345111558921,-0.3957155752323915,0.030674166524748872,0.4137132665207486,0.6659297051881643,0.3935187025884647,0.09046302559308868,-0.33567702170227254,-0.4381655260638942,-0.4364753946518257,-0.1987019075048282,-0.5869953755153829,-0.5778249232031648,-0.5176596028855529,0.1559120905341025,-0.05579765936812198,0.03178093542782473
1210,-1.0049424697128249,-0.654106196387805,-0.20397670375933194,-0.02749483525228355,-0.3718812171559803,-0.7393029639113933,-0.22387617248777048,-0.46138178230880345,0.4384647215254481,0.6481863901145759,0.8853902182625976,0.8149194187921894,0.5071680493825172,0.4400374097737718,-0.14530105106894078,0.3489857733663063,0.29896440578061473,0.0034788816368126196,0.3065742473556214,0.036137574783105586,-0.03646277638132095,-0.07193806750617915,0.5105246606992564,0.05611082199633438,0.14251537992178437,0.06520613725898317,0.2074069098009946,-0.24224623210987925,-0.2707943188292005,-0.03211469992316894,-0.18180656677195486,-0.1577828944495229,-0.12977452070575318,-0.2966065797429246,-0.4472751184215594,0.0340662863427062,1.0823369491183006,1.3447894241887197,0.9730396893923977,0.5387486453158585,0.018988427899957014,-0.32857937735495646,-0.12649323811276653,0.13358575820528357,0.3394111358085453,0.45702839817776086,0.5077795438004129,0.7206100516146845,0.7018652517604158,0.2565580873917487,-0.1445651309484599,-0.027411513322381897,-0.022649766284777093,-0.4094102274941277,0.21416826484543483,0.04192791747151681,0.1989874906852328,-0.06191829244530145,-0.11454805810998908,-0.11977244042450233,0.4885150745766669,0.04845538028839974,0.5326012109778169,0.6068077302610901,1.4022725576008064,1.4800662656344779,1.4055699869060687,1.0878099695153645,0.42965357867460807,-0.4749884716420342,-0.7480195212312125,-0.602554244735291,-0.7738038615420932,-0.750244212544374,-0.1322538078445255,0.22080131510123727,0.23103149981314178,0.3383016780011274,0.021099864882659525,-0.2689450071478958,-0.07934910940311501,-0.4316449362518478,0.22046848904555533,-0.13966209926702022,-0.3559815339997279,-0.9144927979624953,-0.9567012417470774,-1.2721888988541037,-0.926373380876832,-0.5712815461694751,-0.893769272193403,-0.6738275046926886,-0.44560392429491313,-0.06158844550976991,-0.3595448218027496,0.4714644603694147,0.2557362845998751,-0.2510403826586888,-0.11847262525475878,0.09912690188803386,-0.08695849608512737,-0.10374469336567227,-0.6941812013742035,-0.8075839918509781,-0.409862959994807,-0.39853495979427705,-0.2585492779816064,-0.7556237839497841,-0.8268879015129388,-1.0026808975754424,-0.7224211372895754,-0.8344487676980142,-0.9776157380626098,-0.5155711633827613,-1.0564441595702732,-0.4258897755294123,-0.0006717307442296039,-0.29055532368625314,-0.4581001886133007,-0.1908608447947082,0.09865478749971382,0.519046660294258,0.231988465839164,0.27906499035524923,-0.04200999865376093,0.08204849328600022,0.05144359370850085,0.018490260313624843,0.18096998996866775,0.917394374275162,0.17005930879721065,0.5506268957826266,-0.20387435896718997,-0.29795821165153036,-0.8563666627001207,-0.314500856631456,-0.32477401277930645,0.18607606799028176,0.6018797519842303,-0.10134698334191458,-0.03344611954518184,-0.2644675942081972,-0.43182473555481526,-0.34609670680374816,-0.23623885023890856,-0.5387044111034353,-0.04758585779982949,1.2143022405732853,1.4784978885337337,1.2696270107392384,0.5728556611270216,0.5777706045018661,0.14340910471692175,0.3912397549195269,0.8720903147110268,0.8775295191011955,0.19446221659819157,-0.24329702612301746,-0.3112596311737519,-0.44532523781774497,-0.3332978685173446,-0.2185951391179619,-0.33155258969678403,0.5220997479691857,1.092486060660725,0.4771095784935497,-0.21328603555398556,-0.5509951177942907,-1.0738526629552188,-1.0396878122556095,-0.7149798385959387,0.17217467943848172,0.3025993984015055,-0.15043668963624152,-0.23031033974397613,0.3668254862624134,0.3573894501803483,0.054539862714583436,0.5305546195122526,0.41599387014848993,0.6505712478771273,0.4572623147821453,-0.14153644838661772,0.13767876788715017,-0.48027194118033634,-0.05750216892057236,-0.3835260538929822,-0.32196748887098486,-0.6287039181737497,-0.8941642566923711,-0.2929068601145402,0.2994180273927737,0.34022234398994367,-0.15752784096686495,-0.6389654011287993,0.009841051826123104,-0.2770977357212274,-0.8121948255977156,-0.8907331255004861,-0.6583781339675461
1056,-0.6451527061954505,-0.6205865599527928,-0.31546623997504963,-0.2486085823494351,0.3850620997896699,-0.14645177813568577,0.5431593584739045,0.364506615267821,0.3351591241445403,0.30359798985723097,-0.13402631595392817,0.3383713281748767,0.1972916888179354,-0.19620518027997425,-0.5495114642499932,-0.1530311037173147,-0.34966108957906744,-0.3612950480051608,-0.1565453340669542,-0.17669993150807584,0.19808674764110118,0.5196237873471191,-0.10648514459332581,-0.3109916737340255,0.022873223107827287,-0.02817615637841206,-0.32939455525340133,-0.402877429493694,-0.41526792585532246,-0.17986490151344237,-0.3895089214417463,0.015845108401920716,-0.45214579793214077,-0.07469563872208473,-0.10581172570133063,0.25221671998844125,0.5528805026579096,0.12095099750182287,-0.11849411810072058,0.15284610333654214,-0.3823400512166878,-0.25096346415225035,-0.4883869363081858,-0.05718170102114123,-0.0657582315300308,0.2852571127028411,0.14715406863818792,0.1772298330450435,0.2116941332835156,0.4592489773141432,0.24935843134953262,0.018271224284122048,-0.1643269218250531,-0.27151034411964525,-0.10757494881629369,0.06297990948301925,-0.23610083368561252,0.09305076247673227,0.0018758229839418994,-0.11466090683243807,-0.008584136140611952,-0.10305611690542127,-0.1954587549996967,-0.47915703643864216,-0.49780658625215357,-0.45946684304258045,-0.4069125572988416,-0.15715404564717803,0.26010822441439974,-0.052721584936612276,0.2207810513469151,-0.14109113486910496,0.3620144750719331,-0.20220969068245243,-0.34457250840992193,-0.6141469528020315,-0.1605148591550793,0.9316145975933012,0.34599941823730385,-0.17856980460225902,-0.3932412493466956,-0.44701324052748526,-0.6274017174346935,0.07284853828680893,-0.131856214203098,-0.21390560462563987,-0.08047831766770133,-0.1459978818278449,0.20784615957568198,0.5220453067914621,-0.10602229596062873,0.5354345283275136,0.34660147398036784,0.32330010929060954,0.510199442155819,0.051204327325860305,-0.3799696843328719,-0.2694035199076518,-0.2825948695258289,-0.07674703781015607,0.305258568371002,0.3907915710455237,0.6013219665320951,0.5406443623208742,0.23847851357152813,-0.025199438567897497,-0.41173489416909503,0.15804545637629158,-0.10571232489963267,0.003951753454709994,0.10745776560331616,-0.22910962925928333,0.08981252188182365,0.6339344454158389,0.2328967105163177,0.40103358898829133,-0.2618348570275003,-0.42336312314724134,0.17847507668456414,0.3496929110747185,-0.019925083906392888,-0.20702510944041885,-0.5297414130623169,-0.540248178232005,-0.48133457658609713,-0.20323176922142971,-0.6073315955295109,-1.0185541447430038,-0.4812444760287601,-0.5445894122009193,-0.032879861988852954,-0.24316903478701546,-0.5164686667410816,-0.5338442766065301,-0.0628128638068643,-0.04741927232038656,-0.32904068273553266,-0.1891146587701918,-0.6507570779494634,-0.6363216319132659,-0.3409641635891206,-0.05937608854839446,-0.49886919414021796,-0.9568783211091086,-0.45449673578418925,-0.5356847173950112,0.18098850266325128,0.15560908478562308,0.010252682111904415,0.06149891987461344,-0.28518945833104287,-0.1610499434528132,0.21642226713172852,0.12247792876819968,-0.034333172731506476,0.6648600155382245,0.2594265219781108,0.21818425970158817,-0.2139034484696397,-0.7752936741711891,-0.9765614926902246,-0.6123299272885443,-0.6509913745645768,-0.7436390836891458,-0.8477150381278786,-0.7100787393351304,-0.9834618896725437,-0.8189022913438354,-0.0023647129836421865,-0.35299311006301964,-0.3891731363461208,-0.19870013099157502,-0.21009522490608312,-0.45413084574519913,-0.258698570008584,-0.25685600295682626,-0.27234419238348606,-0.08671548748081759,-0.13404208713253812,0.006370638546926988,-0.08326328494304341,0.028380933831414185,-0.0757834321793626,0.24192841012426447,0.3229237072565547,0.5570609534960463,0.30836282731655223,0.25607394124047883,0.4544108692652798,0.020968438263848255,-0.1800643478060135,-0.29757839264727093,-0.3416989940634731,-0.5597088790574518,-0.10825175939185627,0.32637131335647046,0.008950336023199196,0.4728191221694785,0.06504517834396534,0.07411798588010954
1208,-1.0125503815637131,-1.0020523675899453,-0.4776190784302675,0.38331585009431607,0.1057391184730806,0.23529136850763088,0.16384132681320673,-0.26708655286815297,0.11416246933916976,-0.2211020659619211,0.0017932962519990325,-0.5161196093485948,-0.8079603328787702,-0.6133691190753172,-0.3624266709968329,-0.34526738984867333,-0.5784177899295456,-0.24460642422778978,0.2800295138232177,0.14271356111828634,-0.08929300679354157,0.4445263763734366,0.4089993160284724,0.8663297788545776,0.6817121763139521,0.6273998352751009,0.4032307428881214,0.2290154644645192,0.4942441192245763,1.3299050836346162,0.7209792897416105,0.207663982357852,-0.5638168964427787,0.19504669986340728,0.8482221733694064,0.3958919824238898,0.9483227938573643,0.7229529942063495,0.4680259536193791,0.07091677160808091,-0.03844622076997012,-0.4228559297651109,-0.1618938104447332,-0.2383673139385575,-0.7074102862533287,-0.7528715349817174,-0.709951885561126,-0.6343587327513573,-0.20081991724083936,-0.21362697591861124,-0.49199148655802305,-0.011573363952115279,-0.0959385272812932,-0.2320045452265867,0.006815601120543968,-0.31635145450055335,-0.06959458932871071,0.0027171494492519987,0.22861904434993235,0.21489764509609416,-0.029002522446338254,-0.2526537679597328,-0.7781871255217007,-0.6261896037489799,0.35767744170557775,-0.08200390801111346,0.2803242957821972,0.7999974242567138,0.4810505231481038,0.09931219316707654,-0.40186789043529536,-0.3820775225704387,-0.06391270384582581,0.050983214980991974,0.4616092781661868,0.5926838041218478,-0.1142930850359681,-0.21867309246095473,-0.5665064719880313,-0.43564841859422654,-0.8166729864381626,-0.6037473571700425,-0.17537663331906578,0.5599740360796635,0.1881759418022496,0.26633721088453616,0.17321527825157138,0.10891003484709455,0.25752281129385457,0.027598290461514935,-0.38590363390454135,-0.3469947462703799,-0.040857331982870275,-0.12625691637266498,0.29950044972679385,-0.08062581422768889,-0.10896220948466662,0.2844763171144125,-0.2737446138758357,-0.2698219474976862,-0.010385604312408286,-0.12272467348840453,0.10920746673010301,-0.06118522626190498,-0.05830569324948931,-0.4105361130858026,-0.3374671277977645,-0.21137643934016487,-0.28062979199917637,-0.5569003405417675,-0.23900820929480343,-0.09260218476319654,-0.18691626767133684,-0.3159733057090478,-0.23740578994717643,-0.13630672854876216,-0.42444291147321817,-0.14211785583365663,-0.41167726723607345,-0.3062453643655999,-0.18301409384739448,-0.26534302136291543,-0.17737935617091685,0.27928043690469795,0.2993331402845737,0.2346861043015463,0.1470477756256795,0.26941989061612653,0.5887037334666085,0.29443109207087437,-0.40329318283566334,-0.6141348369957244,-0.8464888280249987,-0.7847669658426211,-0.49772417947026365,0.49572587395853795,0.19398616691251658,0.48625044014039215,0.5537616517771102,0.21564227076352926,-0.10132364990411984,-0.14113277435996668,-0.10076294793573715,-0.04011061753867466,0.563917329076079,0.33215869076995114,0.7673387319282691,0.4100990055668896,0.411167600573142,0.2669602800541905,0.16060997633830124,0.09320867247027459,0.8046017783203279,0.8878504082252785,0.46730867705833223,-0.14823864120618904,-0.06035374200571336,-0.21712308157968668,-0.14762743813365364,-0.260568166575353,-0.5578053662018283,-0.24381861082584944,-0.09540236271468153,0.18584139743450198,-0.1732424405685668,0.011169193145909029,0.03659528700068487,0.05254246954739121,0.052631388101611463,0.4187904155371114,-0.005397173659475729,-0.25463259677011313,-0.23592236638859101,-0.1499812107773426,0.12609142053674616,0.3482670438787341,0.6744873949739933,0.7219731642874516,0.3241952635749543,0.13725193883367953,-0.14462415161789993,-0.33419667157329214,-0.25665485586262093,-0.3320770259350221,-0.21835665468314075,0.44746303715019387,0.2708952520622475,0.36825380909268013,0.07207078389279509,-0.37818754129741494,-0.16264222690769448,-0.4388760561777279,0.23890938214903695,0.3058290503511483,0.07301029816614533,-0.18259192222399714,-0.18355500752444381,0.0676724159438368,0.11847583121849195,0.11499140398364613
1149,0.10771462577305879,-0.12491290048443418,-0.07503539106431739,0.7165017940766097,0.7062290854498318,0.3198902595468453,-0.06744711051223798,0.13599233999198226,-0.2963720933536893,-0.45425528730170744,-0.30218911153446026,-0.11997907968078686,-0.44933283527706747,-0.31071859620247816,-0.3812611315982253,0.26563075817175763,0.6048740108793687,0.32003886102164075,-0.027502897149729005,-0.06488944307636862,-0.012230818588499746,0.0644684072226488,-0.35443209554960586,-0.27223422220904786,-0.13217635362484476,-0.23305855197998107,0.12192582437854113,-0.27098477416786754,-0.43527182584251345,-0.29437084816206127,-0.11774451752244774,0.26194788485346976,0.07968573017171826,0.5515186596566537,0.7430066513037501,0.13540319624979313,0.9636133115734071,1.0774095583499457,0.8391100645959024,0.7976893420638205,0.5553175174607415,0.1341881429062045,-0.42773239628806115,0.10688177544426569,-0.01353383760110255,0.05342528453254913,0.09440917650286548,-0.35170883319894014,-0.2768966785577791,-0.6092089272299085,-0.4154581551493104,-0.4305132346698584,0.24832113032355574,0.8372081434196287,1.0020053425573296,1.0080433045608017,0.48066992625009974,0.015063557875683128,0.1769785202990795,0.19545335644324147,-0.029670881089656258,-0.4868768841392769,-0.8577913335698408,-0.8537683055908969,-0.048209258541510924,-0.03209505672247692,-0.16472540615688447,0.374522668303873,-0.07066265441869363,0.40938224740061113,0.40500538484223414,-0.12993913755443381,-0.15233565890358464,-0.3180519276668926,0.04881122751093486,0.4008556769346331,0.17729616647861937,-0.10426086954733915,-0.09695318926290508,0.4512012457276725,0.48000023306620726,0.4062907625674035,0.06276311591909414,0.010268731222237981,0.745577990180741,0.476886211497829,0.11236315690815388,-0.21090841710857633,-0.6516870465095066,-0.24491904920538704,0.2053232221073181,0.3136911511472388,0.3014616869249721,0.006304878697276847,0.4596652892533929,-0.029158211923633992,-0.2833169212927641,-0.6896612935869912,-0.7405269348133043,-0.22412391171348645,-0.21521591522280523,-0.5366907763441374,-0.6199659608652541,-0.16247056700137513,0.0444400290746082,-0.08442647478710964,-0.5027887978166414,-0.15069735256478964,-0.22719985633242712,-0.32795197204985493,-0.4285899386534707,-0.7365542094263494,-0.7448437415813899,-0.692982624425345,-0.866909228100119,-1.031936025064289,0.0304635463813962,0.05905040832922104,0.14819231921166948,-0.07983172166345065,-0.29511532781165595,-0.20170269614989805,-0.0660320018411983,1.232681164387145,0.924029342974601,0.8915104940692755,0.6051104411299466,0.1478768483499096,-0.42780808725752845,-0.131834900526287,-0.4604133622502299,-0.53647751468787,0.13847277845080982,-0.1862254703775275,-0.10888744593885202,0.2102821147701481,0.2623552157697263,0.018175443639232916,0.009896442226498034,0.27927183055516197,0.06307001214771613,0.06332096657012715,-0.3922218983113588,-0.5441963898520205,0.11348169840758118,0.5079877646526156,0.037775485665813596,0.2212628246675409,0.4421885549767612,0.4064560555171325,-0.14406233579745234,0.0688014306075877,-0.11905791334273241,-0.2857584794971141,-0.17870707054612134,-0.287401286160018,-0.6283851905860942,-0.20752672752168028,-0.2465436964736137,-0.5698982622452884,-0.4017875329177827,-0.671331017223369,-0.6780609293020097,-0.6481294420529675,0.10242822103097293,0.049089972810829385,-0.13122518794597787,-0.32547090929983236,-0.22135525275579565,0.16004424616465657,0.01573085040596206,0.0487634895912952,-0.15881059977338702,-0.09887089968451646,-0.2445786075747727,0.10135876644208791,0.18949857652476457,0.21422831858051183,0.4373564357649714,-0.08532997501878836,0.36536960945213337,0.36808878038177245,-0.14947961905512286,0.3141671420814971,-0.13884318086891134,0.36361085519182584,0.8569130236502853,0.7542091796478427,0.3141930914903332,0.15058155713182655,0.56899606659966,0.524746200099895,0.18285025423433215,-0.14308908045327126,0.10408754996674971,0.4039807902766745,0.6442000663728129,0.3096348078834259,0.18900982038931327,0.13083415819045896
1135,-0.5110064869787352,-0.38926276814593375,-0.24203687811100633,-0.3712764097745932,-0.27175725279384594,-0.4208782828228354,0.18636263000496184,0.743832860866193,0.6414769168590884,0.1705338768411047,-0.5072131263671489,-1.0086460319952018,-0.5535205141499513,-0.27843444066374834,-0.5927073818587223,-0.9551388962159975,-0.49386831440482537,-0.4958239341506777,-0.05478760789310083,0.053039641912517005,0.8151884711590931,0.70242700507925,0.2205661179218707,0.023739948940542065,0.19362077665816488,-0.3330472792420211,-0.07226439413678576,0.7279396430684764,0.6715310821573894,0.4688897001793846,0.0004534323407975882,-0.3688907050386165,-0.34340901287421033,-0.23052255161741486,-0.6177703241832762,0.006559847765050475,0.11604795116494365,0.12937453148581043,0.08600465772324177,0.03783341099652665,-0.23997633461257994,0.026113336702787093,-0.1867394008050808,-0.405547874152362,-0.33086263318626996,0.28105357741185555,0.0764829975853683,-0.46520865085320195,0.048312253630597435,0.11308852647505058,0.6177561764708458,0.022687413216158636,-0.34980759042074816,0.39490099646430243,0.6590645592038074,0.788046105317809,0.5552922479398017,-0.1877994079377115,-0.30307630178121203,-0.008380537168682683,0.0656947668927408,-0.41795802123303516,-0.3870765168228117,-0.28108651710593624,0.08952343214299527,-0.10151776320809625,-0.34627101028133095,-0.05388686246893043,0.012911459157129851,-0.20909277464745768,-0.6856597152206131,-0.07945627985040271,-0.44082026094002846,-0.08914251992473499,-0.006065738479906935,0.024596629653557495,-0.22709227058011233,-0.21091784652729512,-0.40086131918456,-0.30599570877896304,0.05703457576275309,-0.37714247420097774,-0.33215541917127345,0.00873056362427077,0.0812712126931062,-0.16237662898853064,-0.4142535120681658,-0.3492735107640298,-0.22926538434192026,-0.11938180096276776,-0.3003590177365052,-0.2406885779400327,1.3307847079530104,0.9794528727101145,1.1419415190419249,0.7542397578739124,0.41266838018185115,0.4340841568005962,0.7823758286515736,0.6047319836401599,-0.11706671167274305,0.4958453274468762,0.9252000887044015,1.4934923934118174,0.6362814632438681,0.49660641593370175,-0.0015030341989868412,0.14109100415847253,-0.1344517717062148,-0.13552574706295462,-0.3528899841041575,-0.2831765606088228,-0.6810611960775527,-0.03848118523497501,0.09377295005167585,0.12129190010986823,0.08378539800746801,-0.2113812386965181,-0.4595843729030862,-0.12476356087275317,-0.2674979845318779,0.3070487903990229,0.31678165292119853,-0.01534098750428313,0.4059026806690782,0.0904004899224577,0.7597341935108668,0.8818143775194132,0.1437399899691139,-0.31660775136828173,-0.3530256048009299,-0.5040074742880065,-0.3563256350118017,-0.4583971478819738,-0.5722534763649105,-0.912897370725668,-0.6898797331248332,0.0709289385748005,0.2248386522594753,-0.28441536067757495,-0.06149913134623314,-0.27736173280520793,-0.7145400736396303,-0.5786924919040779,-0.37717241243246924,-0.6946752291696634,-0.7719424197264863,-0.3043241045082531,-0.1064115297229502,-0.25469229322851933,0.04674234776666969,0.3270559879399634,0.04041219672925164,-0.027056473627146554,0.6917853945584943,0.860929309093407,1.1415922007606785,1.8119577091804058,1.6006698962265982,1.291741700623359,1.269855812421271,0.3265377844364707,-0.4778948122653325,-0.7787742606635861,-0.8557372971657333,-0.33254930434546404,-0.3514543193242263,-0.465593999161411,-0.5969942816300677,-0.4399975099989824,-0.01664622304798105,0.33750655475845015,0.06719561604916427,-0.25835119398460554,-0.2669232620321968,0.5510389045960631,0.5502049044034736,0.1550350817627615,-0.4953765802828448,-0.4997091684504467,-0.6066600088534492,-0.9115626147071236,-0.674108038500273,-0.1656850063859546,0.010716733879996054,-0.18486319530417605,-0.1711098229772857,-0.13083721424113376,-0.07855538207411088,-0.2873771675260085,-0.4862184220544174,-0.3806359897131192,-0.4884881210314049,-0.5903403010082271,-0.6713046530055586,-0.22365355660619765,0.44086972738397456,0.20763673561790935,-0.14076223097865231,0.0517432338360497
1041,0.08964683943446729,-0.009714393991424639,-0.41907053574076386,-0.23949945447260818,0.26838263390197487,0.44310748366472064,-0.04301187635474732,0.0025667627842071716,-0.14914108343888977,0.2847237439254925,0.1521857233109788,-0.037052753023455925,-0.20829812249600066,-0.317485312496284,0.7094670469179616,0.29511031775853325,0.024330874275271364,-0.20620668214329188,-0.6040872692264259,-0.6199298901118585,-0.017189396692081,0.2642303661115706,0.13521972167328952,0.20319783507270892,-0.2671368056610525,-0.40775195631967165,-0.18162560352576418,0.6067496097389823,0.729887374088842,1.2228418193565507,1.3199205514511032,0.7816009553134395,0.0019409475680244315,-0.3249418228464389,-0.17353452429754435,-0.20903997097906035,0.011475927497913069,-0.07794037122878278,-0.19578088287916318,-0.2941756631744771,0.18555424224686604,0.09525566438880978,-0.06286898784394929,-0.21732792734577042,-0.3198901539529675,-0.09969888024849902,-0.4186259683068594,-0.19659470680037178,-0.5004159365148122,-0.24880550862822146,-0.25567815462853455,0.7888941941512428,0.34950101283618784,0.3198393422574534,-0.2287129700887245,0.4022420309350686,0.25611531202766036,-0.22282230965577243,0.4151062272638135,0.5271306105330003,0.5505005194830213,0.24297384387709892,-0.04265952407321413,0.03341360958659763,0.44076939988272335,0.5323883149814215,0.8024064827571192,0.7280560681087281,0.6138901245537154,-0.022935714563192766,-0.5579904252041588,-0.6423736397180035,-0.31930805675426227,-0.5324995476227801,-0.5118884053880317,-0.21352546723370755,0.3295265330703421,1.0296659774470742,0.7262644557733704,0.3066391084676342,-0.3156562865481012,-0.49479119790462484,-0.24477051722779253,0.03723750516154051,-0.026096244525824375,-0.4230634767888064,-0.7793810915709821,-1.0161384013236598,-0.05841467393174654,0.3063582567512437,0.46982170359588166,0.4892976492679644,0.1899597616555075,-0.07359959542435057,-0.24880223431498674,-0.33994449649596364,-0.10768690559321176,-0.4209403839444951,-0.7362050664416024,0.10195200093616363,0.10617930510775947,0.25494656410791927,0.06214692345639877,-0.1342547710275507,-0.003837271540348977,-0.3798311735901907,-0.18425203713142535,-0.2277754513040326,-0.010333904802954902,0.17746155491603444,0.3056213250782472,0.10538481539439706,0.16659547223745064,1.3290533819467432,0.7418153196649802,0.02002918957243821,-0.3166026599351888,-0.44902151751541197,-0.4546314540199309,-0.156147484819733,-0.16685864359117167,-0.5021352024361011,-0.0048803524366889395,-0.044281194039490324,0.39748879451189123,1.033027144438467,1.5180656207822445,1.0069922552005277,0.707991109939012,0.7808042931916053,0.12790202541860216,-0.4401864347292616,-0.84143515735047,-1.0645400232354572,-1.1609121747573328,-0.6540185101222239,0.08299756486326378,0.1070772902184273,-0.030440417694829067,0.611711490725591,0.6713897249823682,0.6309786374054585,0.547013747796401,0.7457682106991477,1.4842420012409296,1.2999486555014848,1.5356932102898795,1.462016516885705,1.1036541396820165,1.0640980425517546,0.825427889220795,0.37346496650965944,0.015678236965601777,-0.21277689382508727,-0.597884566076645,-0.8817759280116664,-0.7900527890406347,-0.3736208646444745,-0.009405650336633958,0.4992216425789098,0.3189902282436753,0.5935653464109206,0.30549007700365105,0.5608654988046571,1.0937840640836702,0.9968773403620115,0.8049577085809994,0.8892117005270221,0.46813549340143995,-0.16981704328282293,0.41135377198100376,1.3251815741871869,2.067320324236075,1.984396796727912,1.1857123728485717,1.2713985287174294,0.9669729718345088,1.2780794980091141,0.7850286154970686,0.03364654911837438,-0.5642915001996327,-0.9334236655181753,-0.5719795417773524,-0.1631453888895062,-0.12554199551029427,-0.4625383477343411,-0.25270305200851606,0.26520729039737756,0.44251783325490246,0.22645326535143503,-0.029106851325574543,-0.22352932065404701,-0.33036922723801265,-0.1050541170029011,0.3883159690410134,-0.022468780376209585,-0.21623355303865316,-0.07537534735161674,0.11178850615959292,-0.0013646653705208511
1217,-0.4322523737616018,-0.091870612753889,-0.23730001850453253,-0.4114267552094458,-0.5605939652816517,-0.654556902387424,-0.6987565459236063,-0.7144756290584631,-0.7187043235409147,-0.7195821644757623,-0.719741170035574,-0.719741170035574,-0.24575227653070034,-0.30144743965802323,0.5157254132481457,1.218705741506086,1.2299601979258363,1.0761079925005734,0.427365067453664,-0.10738778407883783,-0.4493707604869263,-0.6221633553863869,-0.21726941289249144,-0.2948270410666296,-0.4310565217071308,-0.5657005006989508,-0.6555937488820833,0.24906223552632933,0.12211183169663825,-0.14372673099297034,0.06217005658273411,-0.17315259735104183,-0.39060113665728985,-0.5553284243045408,-0.17953116238789105,0.1936850835186299,0.4652957910979335,0.14095986688741952,0.2599246102333857,0.41139615732930845,0.07627993729870658,0.6967350830488831,0.815325662186285,0.3596990446500389,-0.09823888111890047,-0.43126227648001103,-0.6127466597233003,-0.6882254639693843,-0.7124019360691445,-0.7183863124212913,-0.7195821644757623,-0.24575227653070034,0.17254145384685038,-0.013958643384051075,-0.27837070998479047,-0.5017120851052719,-0.6347681303299273,-0.21966111700143343,-0.2951450521862531,0.042932371797742896,0.3265821231834735,0.5241776712743134,0.16074863894491626,-0.2089577478541888,-0.005860726553583009,-0.21104985341545385,0.06886452576719798,0.3328845106552437,0.05138462982391066,-0.25738608587282275,-0.49644654412816097,0.3142465031744793,0.14309645580860603,-0.13846119001585938,-0.4107819904274803,-0.11729842866390708,-0.25979620255371133,0.5262564952023674,0.2728016474856573,-0.08029814521451534,0.08283666957507832,0.30610183713094286,0.028729440214920077,0.20630827103411686,-0.08134466173840271,-0.3469613229363316,-0.06577945322462209,-0.23099763103276233,0.06375799034989887,-0.14214122934428924,-0.36706810611345186,-0.07088598864192125,0.2419544159774521,0.007903821662764154,0.2010427300570059,0.3916073852718117,0.5451622953862811,0.1660141799220272,-0.20792090135952956,-0.479690614498645,0.31863420321674274,0.14397429674345358,0.335686709048826,0.0075117399500704285,0.17019036761006512,-0.10591453877689999,-0.3575738706538892,-0.06897130121241452,-0.23171646640779808,0.06359898479008708,-0.14214122934428924,0.10692078739142186,-0.12658115176924417,0.11114948187387358,-0.12570331083439668,0.11130848743368532,-0.12570331083439668,0.11130848743368532,0.34828558267047693,0.05561332430636236,0.21748064856689842,-0.07799380819079849,0.12774640594357783,0.35267328271274045,0.5304800587460835,1.1099222780091347,1.5757665054704715,0.9317154332445892,0.25339733630856254,0.21743389935383003,-0.12503996721514798,0.09511469085627672,-0.1348019953778598,0.10827564500570463,-0.12642214620943243,0.11114948187387358,-0.12570331083439668,0.11130848743368532,-0.12570331083439668,0.5852973809385589,0.7665793130480276,0.3431021205803346,-0.10262658116116388,-0.4321401174148585,-0.13891677177823838,0.20405715991304005,-0.006619409417621652,0.19697304113436598,-0.08325934916790945,-0.3472793340559551,-0.5397683467294958,-0.1753024679054394,-0.2794259690513963,0.047161066280194563,-0.14652892938655265,-0.3679459470482993,-0.07104499420173302,0.2419544159774521,0.9558816086725116,0.5636412973072336,0.5482912474422055,1.0394257201708053,1.5066988758394952,1.367648065125239,0.6571678356057274,0.5008530067051623,0.9759416426365632,0.5217016737001834,0.5166963788495635,0.5521094476400168,1.55848335560399,1.49757515829397,0.7906159625430766,0.11659835582360914,-0.34700807214940005,-0.5868145057538452,-0.6819230764976143,0.23677170299507377,0.11836015389362187,0.8033732150819297,0.42460961827315,0.4575201583242256,0.521956018504785,0.12486728087715228,-0.23464577989116003,-0.01687409852655286,0.2595881865418156,0.9604283142745866,1.0385080317469546,0.49275508987469424,-0.03935700094252065,-0.4114735044225143,-0.6076401243060011,-0.21319972396985146,0.18003969337309159,-0.012603785769768353,-0.2782117044249787,-0.02772319160039824,-0.21647439995237655,-0.40616121423233487
1085,-0.051616968888976086,0.12463114902481588,0.04863255336745381,-0.2940127554086169,0.4101070129795379,0.5923259300159872,0.40226620547554043,0.4109439967417947,-0.06242745390353649,0.5425800781416175,0.407032964819227,0.9612895239357744,0.9325668257855214,0.8176326529765612,0.6946400993348387,0.3594339996671775,0.3477295002621124,0.6531712759681287,0.6902686488410352,0.6676611992111793,0.3685100876144781,-0.1435703220008442,-0.2871005812068357,-0.05596267378956528,0.20031880417637182,0.8909813076364508,0.9335754767743799,0.33435526459166265,0.013837661098689474,-0.1610187092720357,-0.21703602048072393,-0.47102825034131546,-0.43407947591695406,0.3931861751052822,-0.12531898142511666,0.27599536427774196,0.1662515743887597,0.2859722878317143,-0.10779703071647623,-0.472190952105462,-0.48022223841271866,-0.6522165489887154,-0.27998134361725024,0.07245432980706819,0.07321848958572148,0.24182949662495853,0.3707013333168879,-0.29211188447290026,-0.6532095230816758,-0.8645872058413893,-0.9484513976678656,-0.7154976502893853,-0.24136839196338056,-0.11580286873715188,0.39985549738654014,0.05318349505006437,-0.5946375767044045,-0.6280582205998417,0.48314017471946,0.5061647213341822,0.5811715354462687,0.3180800361641628,0.3275327037228677,0.6424804750883122,0.43464276540410096,0.1934876389206007,-0.25689243103922776,0.15428331110094906,0.10995211177842018,-0.22782915360644734,0.20498566989292744,-0.10902434360702501,-0.1851691039710156,0.5292852820016691,0.18424820601241165,0.014872302694631245,-0.3708042875261519,-0.9112005397894161,-0.3005053470315262,-0.6538909159160657,-1.0450370744079933,-0.870094643400758,-0.3794773975332554,-0.19940574824106042,-0.13925560881879745,-0.1511169459328065,0.323834850145277,0.24710303457485092,0.6036315991323974,0.14980995881706927,0.4474374882275631,0.2701473409897807,0.5930327989671529,0.8918735275833087,0.35353632909806454,-0.19061080916320605,-0.5947928804426688,-0.5703679211634359,0.05632341797179913,-0.1336881539135764,0.33282981529250305,0.23387292486350042,-0.42054921703926185,0.25474836126056233,-0.03438972473339241,0.38901108962482067,0.26683460799696634,0.09809780481976804,-0.30030470818416494,-0.36335322160002365,-0.3375011420657641,-0.533328986761991,-0.4605415207147966,-0.3691258826749479,-0.29025762943945166,0.01067357554764091,-0.24656198838804572,-0.026885722036986526,0.1955044644198359,-0.3818911661864605,-0.6894388400090244,0.12849163795677107,-0.3159328252755213,-0.3283737219985328,-0.31878529265419636,0.21927221974795708,0.7009466581857267,0.025283312535421543,0.3167948226771026,0.41402745436876753,0.24716380264738577,-0.18200968750271285,-0.0423008588211406,-0.3360250273141753,-0.34109090276242476,-0.5581382693916422,-0.9877191850371603,-0.8271884818601747,-0.09862618228914175,0.037952752278494456,-0.2319008472286809,0.2128481320635349,-0.10428762435769096,-0.18356214211756589,-0.7260569599670471,-0.1704054360671799,-0.08185921130158275,0.1807920943874055,0.3601625585197908,0.7158451028203237,0.2364576449655465,0.7505250317021923,0.2645215279190336,-0.2212954517152393,-0.5950150064761728,-0.5642837142140216,-0.1911420718645877,0.1482770752821858,-0.12936563765027684,-0.20782677649760833,0.004984626168672325,-0.27258830868244094,-0.5466334940265642,-0.2549100475492213,0.0648167877666966,0.3142188951096184,0.20724550763007743,-0.20250231453516931,-0.5554090358902319,-0.030425370246850936,-0.2333808811955525,0.016131297537504863,-0.26909031208020096,-0.3025378851299164,-0.04083953246705061,0.2132118192271512,-0.10784596494698029,0.048813527247503236,0.22771773209968083,0.1310517288518725,-0.2434644195617318,-0.31973902821432987,-0.0642483184254481,0.44981529814046906,0.10778441592733445,0.4505096043863439,0.02821668146872114,-0.1259855829080525,-0.20440437801857064,0.02674919827230282,-0.24896985540422034,-0.78336510139644,0.28280919354003314,-0.17426547911635737,0.5274319836057397,0.1530885321357509,0.4802785295331911,0.5508732218740678,0.5798391338411308,-0.1756275569964202
1153,-0.9460769349137874,-1.1386957856047013,-0.5398288504501991,-0.1361177976982956,-0.05055388811241207,0.08608018379326368,0.16987049993497982,-0.2867957943506081,-0.7059365388832068,-0.4894403719488925,0.14251173831926056,-0.16665557040498052,-0.05672733075735659,0.22247932262018502,0.985618687460997,1.441225473590074,1.3520054317280508,0.46848969022897263,0.19652406595901736,0.296212417475847,-0.023489985121717655,-0.1429436446997094,-0.553200620928594,-0.8796929243153944,-0.9183332808166722,-0.534090608246106,-0.6850801010262839,-0.3768683184615466,-0.4465350436916763,-0.20927324228963393,0.33956960633015715,0.7876475560740931,1.9294184409482535,1.123091803763213,0.8757296494255777,0.22675425153256834,-0.07430545591242854,-0.3756743909716715,-0.3913193719342242,-0.5157807398290764,-0.7840212962852366,-0.32077448234359485,-0.03151691813879731,0.15909067131474383,-0.2635055547277459,-0.3460479836115919,-0.009590413364387911,0.33185053902247635,0.23867673588127675,-0.09860310935466467,-0.5711243142458091,-0.40651612555646865,0.014935336985166706,-0.29898891234220615,-0.6657121083311239,-0.6239093445194097,-0.16010524463775083,0.2682074203020134,0.04717511072441116,-0.08393155804886096,-0.5251220043710101,-0.6997025016585696,-0.42432992345298787,-0.29969835211301243,-0.4027361814304363,-0.3665322721655553,-0.6658560735638301,-0.5845933181340139,-0.29107965179624495,-0.20047781811252757,-0.5187157427469105,-0.32352671701803154,0.07087592857670144,0.5790216239188813,0.26576545310029004,0.045947822183492304,0.05005840028780166,-0.05255660573411698,-0.2967269044087799,0.011874422293476489,-0.013081779893573953,-0.2448093372322291,-0.2940825321009346,-0.29746881562562455,-0.27528835322874806,-0.25273440861844454,-0.06933052421856756,0.938915999656817,0.773022362644375,0.10179268503981828,-0.17879332769389517,0.2176577046625669,0.6661924273638149,1.3470601396100856,1.494813492999305,0.9675405911630625,0.10397479451088873,0.11656277288161396,0.48620000622276005,0.5183746445335494,0.6411357658677562,1.222778981201567,1.2033963657188682,1.0855634554316844,0.4410815854251896,-0.2735293381536723,-0.6093663344461693,-0.06276688185354179,0.3430299193274849,-0.06702929034874278,-0.37074080678233706,-0.5925620740568898,-0.19071890762550395,-0.28739103600441673,-0.6063647278292477,0.8041204911749785,0.5743147101922175,0.3227342953163347,-0.1144096362655993,-0.27048896776280923,-0.474236528148536,0.07954940504145874,0.6045286915275824,0.8070739430047541,0.5193282745379585,0.20128770400643242,0.4790652550857922,0.1218504263990624,-0.051522296490826125,-0.16532766006458513,-0.38882148925676185,-0.38406079979464103,-0.5088629529744876,-0.4397169371519676,-0.5303354956792468,-0.2759482943759055,0.13010651032641682,0.6197757703991261,0.9672886489814039,0.9957990646735541,0.42551951587603143,0.07515753414560022,0.21113844107004745,0.4287860937589804,0.27364151600070785,-0.08841203978323482,-0.057111347801831705,-0.2956604311832428,-0.1462397184776986,-0.1491835208396496,0.0019942126480007316,0.6376087300427027,0.8305831496894049,0.7135238304494402,0.37044314994548266,0.25177979870462264,-0.11965632401365806,-0.23411596081170263,0.24332023259041863,0.359569118801346,0.042110595469981284,-0.29011698288931415,-0.5344701052295867,-0.8382245636791723,-1.043933920981821,-0.9944292956175207,-0.9036561060710142,-0.9947009176073673,-0.756358048014189,-0.025972613205132195,0.07254174895316923,-0.14970313785003708,0.27679062516233044,1.0327433310256127,1.3077107408080608,0.8842334603931434,0.24641108769891834,-0.08131249010718572,-0.053948038849158365,-0.10491877860504524,-0.3155335233388923,0.006792623011847881,-0.1846873946337493,-0.22494156461106118,-0.4175618828439344,-0.5704441530053505,-0.4969456890519284,-0.7370416347915068,-0.7842756520572114,-0.4507427729051805,0.20544551847992468,0.38863017983739273,0.7562553070489185,0.8408133016104763,0.6782636228454875,0.16683995991692877,-0.42775221180725675,-0.6809829415170732,-0.43098250674114374,0.7158995051381674
1160,-0.2820068610460801,0.02710283993500305,0.09735960855767342,0.12599943502095043,-0.1550109907318855,0.12867333972561423,-0.11410872712694192,0.18521698122918284,0.4731633916342508,0.4157935220457818,0.027730252480976325,-0.3219373489402935,-0.5561421886073963,-0.404300751207887,-0.48397537009476993,-0.3019213319060723,-0.4141122882728046,-0.5412905569380053,-0.6428610567286165,0.656050921465382,1.2846381108796447,1.076115226842574,0.9771443287033478,0.6223536164174892,0.3568562795692294,0.4697118214608663,0.08748226293263589,-0.25907981588241275,-0.23903896266312707,-0.41331952615287887,-0.006765645036039214,0.6473358598262754,1.703844595013743,2.49914420040352,3.253527096850518,2.6407769310536233,1.665208542793991,0.8819922957178229,0.40766872544030386,0.7291860585339713,0.3120673375620564,0.17053251932995955,0.0869859532516337,0.05972224113618824,0.06140370692206055,-0.20345883088958322,-0.1674405161300357,-0.09099766175654349,-0.014044903896248406,0.30937514797934085,0.8460001087248294,0.9878722200028154,1.2753944205417023,1.4759750375373273,1.0577131856433126,1.1880349625458995,1.094685353895815,0.7457818811977319,0.4464259840710382,0.7871942837026332,1.1599148829888661,0.9020907257295174,0.31295977440783784,0.08527266831697637,0.278840959274174,-0.015968530385480184,-0.030280606252741843,-0.012898001145985355,-0.2518599455714125,-0.4629130433801567,-0.6113785210154705,-0.693048412971097,-0.7279188718760236,-0.19572949042999224,-0.262547391299303,0.40239177907619833,0.1532037585871871,-0.17480542782703026,-0.45439569111667244,-0.6266487830748739,-0.4341816052899039,-0.22204608064116507,-0.33647363790962803,-0.48964021651425893,-0.618013418172934,-0.422468088174011,-0.21632394803722352,-0.3346429226493423,-0.4892279215378865,-0.617922218997431,-0.6943289988013568,-0.7281012702270295,-0.7394513116846839,-0.7423802144242235,-0.47111399712425606,-0.5031496953646447,-0.5781741294542235,-0.11108397025895758,-0.22644091046146914,-0.12947650656896356,0.22011285863200086,0.5195599549341977,0.4506525659299484,0.3178483782061756,0.19684269168371404,-0.14932068596076292,-0.15073616334517762,-0.35883148216509597,0.01867668684702173,-0.159231040010269,0.17093803703198884,0.19777888493998694,0.17519121798044007,-0.13725292416740803,-0.41019766435374916,-0.5929345619481116,-0.1443845753655739,-0.24707906044735217,-0.4094849583879152,-0.2939986729699664,-0.15761283888036526,-0.31436824832169774,-0.48387361021068276,-0.6168240315181772,0.12143613143168663,0.5353697857150428,0.23505744385888072,0.3959065080165979,0.023755666222375793,-0.3038632009448132,0.010126120469691413,0.09003665731881248,0.12384762395979537,0.11634642574358499,-0.17522326914212027,-0.42904957277898104,-0.32816756893047017,-0.4502030986690972,-0.29057129044841795,-0.1393224749059192,-0.028918541420820773,0.03389944210957395,0.6053978046594877,0.5510281327270851,0.9472176935657862,1.5461515973510767,1.741146368261976,1.792947287887943,1.500190196142622,0.955983584274813,1.0750825934648147,0.7501236578824673,1.2883618225945181,0.9900243990033861,0.3750982660862446,0.6675595278737587,0.7776168899998293,0.8646311634246788,1.1718077825650732,1.4144376398371925,0.7582581320717506,0.6667383141587248,0.14363853584261443,0.012293271034598985,-0.28036276943174443,-0.22170168806717805,-0.38894223287247914,0.008653866497777662,-0.16183884694893913,0.17043454288011345,0.4695485963918298,0.1432467189155545,0.3314444629977048,0.2648644073390915,0.7408805943694087,1.4356514503206086,1.695932856203146,1.2349465224360578,0.4731119556960918,0.4175418243285941,-0.0069795118029394865,0.4888828444143175,0.720582991208062,1.1257791057791178,1.1397276106250502,1.0681936237257967,0.713800865702577,0.14666418409637458,0.25931155747612883,0.47674635904385276,0.13523919621758562,0.054547312269298806,-0.24865243093549738,0.0637989997303488,0.3987697254416166,0.9261553668511732,1.040026054578437,0.756611437018196,0.46134502602770544,0.25052181616029345
